rank,player,team,position,age,games,games_started,completions,pass_attempts,pass_yards,pass_tds,ints,rush_attempts,rush_yards,yards_per_rush_attempt,rush_tds,targets,receptions,rec_yds,yards_per_rec,rec_tds,fumbles,fumbles_lost,rush_and_rec_td_total,two_point_convs_made,two_point_conv_passes,standard_fantasy_points,ppr_fantasy_points,draftkings_points,fanduel_points,vbd,pos_rank,overall_rank,player_id
1,DeMarco Murray,DAL,RB,26,16,16.0,0.0,0.0,0.0,0.0,0.0,392.0,1845.0,4.71,13.0,64.0,57.0,416.0,7.3,0.0,5.0,5.0,13,,,294.0,351.1,362.1,322.6,173.0,1,1.0,MurrDe00
2,Le'Veon Bell,PIT,RB,22,16,16.0,0.0,0.0,0.0,0.0,0.0,290.0,1361.0,4.69,8.0,105.0,83.0,854.0,10.29,3.0,0.0,0.0,11,,,288.0,370.5,376.5,329.0,167.0,2,2.0,BellLe00
3,Marshawn Lynch,SEA,RB,28,16,14.0,0.0,0.0,0.0,0.0,0.0,280.0,1306.0,4.66,13.0,48.0,37.0,367.0,9.92,4.0,3.0,2.0,17,,,265.0,302.3,310.3,283.8,144.0,3,3.0,LyncMa00
4,Antonio Brown,PIT,WR,26,16,16.0,2.0,2.0,20.0,1.0,0.0,4.0,13.0,3.25,0.0,181.0,129.0,1698.0,13.16,13.0,2.0,2.0,14,1.0,,258.0,386.9,391.9,322.4,136.0,1,4.0,BrowAn04
5,Matt Forte,CHI,RB,29,16,16.0,0.0,0.0,0.0,0.0,0.0,266.0,1038.0,3.9,6.0,130.0,102.0,808.0,7.92,4.0,2.0,2.0,10,2.0,,245.0,346.6,354.6,295.6,124.0,4,5.0,FortMa00
6,Arian Foster,HOU,RB,28,13,13.0,1.0,1.0,5.0,1.0,0.0,260.0,1246.0,4.79,8.0,59.0,38.0,327.0,8.61,5.0,2.0,2.0,13,,,236.0,273.5,281.5,254.5,115.0,5,6.0,FostAr00
7,Eddie Lacy,GNB,RB,24,16,16.0,0.0,0.0,0.0,0.0,0.0,246.0,1139.0,4.63,9.0,55.0,42.0,427.0,10.17,4.0,3.0,2.0,13,,,231.0,272.6,280.6,251.6,110.0,6,7.0,LacyEd00
8,Demaryius Thomas,DEN,WR,27,16,16.0,0.0,0.0,0.0,0.0,0.0,0.0,0.0,,0.0,184.0,111.0,1619.0,14.59,11.0,0.0,0.0,11,1.0,,230.0,340.9,343.9,285.4,108.0,3,8.0,ThomDe03
9,Jordy Nelson,GNB,WR,29,16,16.0,0.0,0.0,0.0,0.0,0.0,0.0,0.0,,0.0,151.0,98.0,1519.0,15.5,13.0,0.0,0.0,13,,,230.0,327.9,330.9,278.9,108.0,2,9.0,NelsJo00
10,Dez Bryant,DAL,WR,26,16,16.0,0.0,0.0,0.0,0.0,0.0,0.0,0.0,,0.0,136.0,88.0,1320.0,15.0,16.0,0.0,0.0,16,,,228.0,316.0,319.0,272.0,106.0,4,10.0,BryaDe01
11,Rob Gronkowski,NWE,TE,25,15,10.0,0.0,0.0,0.0,0.0,0.0,0.0,0.0,,0.0,131.0,82.0,1124.0,13.71,12.0,0.0,0.0,12,,,184.0,266.4,269.4,225.4,94.0,1,11.0,GronRo00
12,Aaron Rodgers,GNB,QB,31,16,16.0,341.0,520.0,4381.0,38.0,5.0,43.0,269.0,6.26,2.0,0.0,0.0,0.0,,0.0,10.0,2.0,2,,1.0,354.0,354.1,367.1,359.1,89.0,1,12.0,RodgAa00
13,Jamaal Charles,KAN,RB,28,15,15.0,0.0,0.0,0.0,0.0,0.0,206.0,1033.0,5.01,9.0,59.0,40.0,291.0,7.28,5.0,5.0,3.0,14,,,210.0,250.4,259.4,230.4,89.0,7,13.0,CharJa00
14,Andrew Luck,IND,QB,25,16,16.0,380.0,616.0,4761.0,40.0,16.0,64.0,273.0,4.27,3.0,0.0,0.0,0.0,,0.0,13.0,6.0,3,,,352.0,351.7,379.7,367.7,86.0,2,14.0,LuckAn00
15,Odell Beckham Jr.,NYG,WR,22,12,11.0,0.0,1.0,0.0,0.0,0.0,7.0,35.0,5.0,0.0,130.0,91.0,1305.0,14.34,12.0,1.0,1.0,12,,,204.0,295.0,299.0,249.5,82.0,5,15.0,BeckOd00
16,Justin Forsett,BAL,RB,29,16,14.0,0.0,0.0,0.0,0.0,0.0,235.0,1266.0,5.39,8.0,59.0,44.0,263.0,5.98,0.0,1.0,0.0,8,1.0,,203.0,246.9,252.9,224.9,82.0,8,16.0,ForsJu00
17,Randall Cobb,GNB,WR,24,16,16.0,0.0,0.0,0.0,0.0,0.0,11.0,37.0,3.36,0.0,127.0,91.0,1287.0,14.14,12.0,3.0,2.0,12,1.0,,202.0,293.4,298.4,247.9,81.0,6,17.0,CobbRa00
18,Emmanuel Sanders,DEN,WR,27,16,16.0,0.0,0.0,0.0,0.0,0.0,8.0,44.0,5.5,0.0,141.0,101.0,1404.0,13.9,9.0,1.0,0.0,9,1.0,,201.0,301.8,304.8,251.3,79.0,7,18.0,SandEm00
19,Julio Jones,ATL,WR,25,15,15.0,0.0,0.0,0.0,0.0,0.0,1.0,1.0,1.0,0.0,163.0,104.0,1593.0,15.32,6.0,2.0,1.0,6,,,193.0,297.4,301.4,245.4,72.0,8,19.0,JoneJu02
20,Jeremy Maclin,PHI,WR,26,16,16.0,0.0,0.0,0.0,0.0,0.0,0.0,0.0,,0.0,143.0,85.0,1318.0,15.51,10.0,0.0,0.0,10,,,192.0,276.8,279.8,234.3,70.0,9,20.0,MaclJe00
21,Russell Wilson,SEA,QB,26,16,16.0,285.0,452.0,3475.0,20.0,7.0,118.0,849.0,7.19,6.0,1.0,1.0,17.0,17.0,0.0,11.0,0.0,6,,1.0,330.0,330.6,343.6,337.1,64.0,3,21.0,WilsRu00
22,Lamar Miller,MIA,RB,23,16,16.0,0.0,0.0,0.0,0.0,0.0,216.0,1099.0,5.09,8.0,52.0,38.0,275.0,7.24,1.0,3.0,3.0,9,,,185.0,223.4,232.4,204.4,64.0,9,22.0,MillLa01
23,Antonio Gates,SDG,TE,34,16,14.0,0.0,0.0,0.0,0.0,0.0,0.0,0.0,,0.0,98.0,69.0,821.0,11.9,12.0,1.0,0.0,12,,,154.0,223.1,226.1,188.6,64.0,2,23.0,GateAn00
24,Jeremy Hill,CIN,RB,22,16,8.0,0.0,0.0,0.0,0.0,0.0,222.0,1124.0,5.06,9.0,32.0,27.0,215.0,7.96,0.0,5.0,2.0,9,,,184.0,210.9,218.9,197.4,63.0,10,24.0,HillJe01
25,C.J. Anderson,DEN,RB,23,15,7.0,0.0,0.0,0.0,0.0,0.0,179.0,849.0,4.74,8.0,44.0,34.0,324.0,9.53,2.0,1.0,0.0,10,,,177.0,211.3,217.3,194.3,56.0,11,25.0,AndeC.00
26,Mike Evans,TAM,WR,21,15,15.0,0.0,0.0,0.0,0.0,0.0,0.0,0.0,,0.0,122.0,68.0,1051.0,15.46,12.0,0.0,0.0,12,,,177.0,245.1,248.1,211.1,56.0,10,26.0,EvanMi00
27,Alshon Jeffery,CHI,WR,24,16,16.0,0.0,0.0,0.0,0.0,0.0,6.0,33.0,5.5,0.0,145.0,85.0,1133.0,13.33,10.0,1.0,0.0,10,,,177.0,261.6,264.6,219.1,55.0,11,27.0,JeffAl00
28,T.Y. Hilton,IND,WR,25,15,15.0,0.0,0.0,0.0,0.0,0.0,2.0,20.0,10.0,0.0,131.0,82.0,1345.0,16.4,7.0,3.0,1.0,7,,,177.0,258.5,262.5,217.5,55.0,12,28.0,HiltT.00
29,Jimmy Graham,NOR,TE,28,16,13.0,0.0,0.0,0.0,0.0,0.0,0.0,0.0,,0.0,125.0,85.0,889.0,10.46,10.0,2.0,2.0,10,,,145.0,229.9,234.9,187.4,55.0,3,29.0,GrahJi00
30,Alfred Morris,WAS,RB,26,16,16.0,0.0,0.0,0.0,0.0,0.0,265.0,1074.0,4.05,8.0,26.0,17.0,155.0,9.12,0.0,2.0,0.0,8,,,171.0,187.9,193.9,179.4,50.0,13,30.0,MorrAl00
31,LeSean McCoy,PHI,RB,26,16,16.0,0.0,0.0,0.0,0.0,0.0,312.0,1319.0,4.23,5.0,37.0,28.0,155.0,5.54,0.0,4.0,3.0,5,,,171.0,199.4,208.4,185.4,50.0,12,31.0,McCoLe01
32,Peyton Manning,DEN,QB,38,16,16.0,395.0,597.0,4727.0,39.0,15.0,24.0,-24.0,-1.0,0.0,0.0,0.0,0.0,,0.0,5.0,2.0,0,,2.0,313.0,312.7,332.7,327.7,47.0,4,32.0,MannPe00
33,Greg Olsen,CAR,TE,29,16,16.0,0.0,0.0,0.0,0.0,0.0,0.0,0.0,,0.0,123.0,84.0,1008.0,12.0,6.0,1.0,0.0,6,,,137.0,220.8,223.8,178.8,47.0,4,33.0,OlseGr00
34,Joique Bell,DET,RB,28,15,6.0,0.0,0.0,0.0,0.0,0.0,223.0,860.0,3.86,7.0,53.0,34.0,322.0,9.47,1.0,5.0,1.0,8,,,164.0,198.2,205.2,181.2,43.0,14,34.0,BellJo01
35,Mark Ingram,NOR,RB,25,13,9.0,0.0,0.0,0.0,0.0,0.0,226.0,964.0,4.27,9.0,36.0,29.0,145.0,5.0,0.0,3.0,1.0,9,,,163.0,191.9,198.9,177.4,42.0,15,35.0,IngrMa01
36,Ben Roethlisberger,PIT,QB,32,16,16.0,408.0,608.0,4952.0,32.0,9.0,33.0,27.0,0.82,0.0,0.0,0.0,-6.0,,0.0,9.0,5.0,0,,3.0,306.0,306.2,323.2,315.2,41.0,5,36.0,RoetBe00
37,Martellus Bennett,CHI,TE,27,16,15.0,0.0,0.0,0.0,0.0,0.0,0.0,0.0,,0.0,128.0,90.0,916.0,10.18,6.0,0.0,0.0,6,2.0,,132.0,221.6,224.6,176.6,41.0,5,37.0,BennMa00
38,Golden Tate,DET,WR,26,16,16.0,0.0,0.0,0.0,0.0,0.0,5.0,30.0,6.0,0.0,144.0,99.0,1331.0,13.44,4.0,1.0,0.0,4,,,160.0,259.1,262.1,209.6,39.0,13,38.0,TateGo00
39,Drew Brees,NOR,QB,35,16,16.0,456.0,659.0,4952.0,33.0,17.0,27.0,68.0,2.52,1.0,1.0,1.0,1.0,1.0,0.0,7.0,3.0,1,,,303.0,304.0,327.0,320.5,37.0,6,39.0,BreeDr00
40,Coby Fleener,IND,TE,26,16,12.0,0.0,0.0,0.0,0.0,0.0,0.0,0.0,,0.0,92.0,51.0,774.0,15.18,8.0,0.0,0.0,8,,,125.0,176.4,179.4,150.9,35.0,6,40.0,FleeCo00
41,Calvin Johnson,DET,WR,29,13,13.0,0.0,0.0,0.0,0.0,0.0,0.0,0.0,,0.0,128.0,71.0,1077.0,15.17,8.0,0.0,0.0,8,,,156.0,226.7,229.7,191.2,34.0,14,41.0,JohnCa00
42,DeAndre Hopkins,HOU,WR,22,16,16.0,0.0,0.0,0.0,0.0,0.0,0.0,0.0,,0.0,127.0,76.0,1210.0,15.92,6.0,2.0,1.0,6,,,155.0,231.0,235.0,193.0,33.0,15,42.0,HopkDe00
43,DeSean Jackson,WAS,WR,28,15,13.0,0.0,0.0,0.0,0.0,0.0,4.0,7.0,1.75,0.0,95.0,56.0,1169.0,20.88,6.0,0.0,0.0,6,,,154.0,209.6,212.6,181.6,32.0,16,43.0,JackDe00
44,Kelvin Benjamin,CAR,WR,23,16,15.0,0.0,0.0,0.0,0.0,0.0,0.0,0.0,,0.0,145.0,73.0,1008.0,13.81,9.0,1.0,1.0,9,,,153.0,225.8,229.8,189.3,31.0,17,44.0,BenjKe00
45,Julius Thomas,DEN,TE,26,13,10.0,0.0,0.0,0.0,0.0,0.0,0.0,0.0,,0.0,62.0,43.0,489.0,11.37,12.0,1.0,0.0,12,,,121.0,163.9,166.9,142.4,31.0,7,45.0,ThomJu00
46,Matt Asiata,MIN,RB,27,15,9.0,0.0,0.0,0.0,0.0,0.0,164.0,570.0,3.48,9.0,63.0,44.0,312.0,7.09,1.0,1.0,1.0,10,2.0,,150.0,194.2,201.2,172.2,29.0,16,46.0,AsiaMa00
47,Frank Gore,SFO,RB,31,16,16.0,0.0,0.0,0.0,0.0,0.0,255.0,1106.0,4.34,4.0,19.0,11.0,111.0,10.09,1.0,2.0,2.0,5,,,148.0,158.7,166.7,153.2,27.0,17,47.0,GoreFr00
48,Travis Kelce,KAN,TE,25,16,11.0,0.0,0.0,0.0,0.0,0.0,0.0,0.0,,0.0,87.0,67.0,862.0,12.87,5.0,4.0,3.0,6,,,116.0,183.2,189.2,149.7,26.0,8,48.0,KelcTr00
49,Mike Wallace,MIA,WR,28,16,16.0,0.0,1.0,0.0,0.0,0.0,4.0,16.0,4.0,0.0,115.0,67.0,862.0,12.87,10.0,2.0,1.0,10,,,146.0,212.8,216.8,179.3,24.0,18,49.0,WallMi00
50,Giovani Bernard,CIN,RB,23,13,9.0,0.0,0.0,0.0,0.0,0.0,168.0,680.0,4.05,5.0,59.0,43.0,349.0,8.12,2.0,0.0,0.0,7,,,145.0,187.9,193.9,166.4,24.0,18,50.0,BernGi00
51,Delanie Walker,TEN,TE,30,15,14.0,0.0,0.0,0.0,0.0,0.0,0.0,0.0,,0.0,106.0,63.0,890.0,14.13,4.0,2.0,0.0,4,,,113.0,176.0,179.0,144.5,23.0,9,51.0,WalkHu00
52,Torrey Smith,BAL,WR,25,16,16.0,0.0,0.0,0.0,0.0,0.0,0.0,0.0,,0.0,92.0,49.0,767.0,15.65,11.0,0.0,0.0,11,,,143.0,191.7,194.7,167.2,21.0,19,52.0,SmitTo02
53,Matt Ryan,ATL,QB,29,16,16.0,415.0,628.0,4694.0,28.0,14.0,29.0,145.0,5.0,0.0,0.0,0.0,0.0,,0.0,5.0,2.0,0,,1.0,284.0,284.3,306.3,298.3,19.0,7,53.0,RyanMa00
54,Steve Smith Sr.,BAL,WR,35,16,16.0,0.0,0.0,0.0,0.0,0.0,0.0,0.0,,0.0,134.0,79.0,1065.0,13.48,6.0,2.0,1.0,6,,,141.0,219.5,223.5,180.0,19.0,20,54.0,SmitSt01
55,Julian Edelman,NWE,WR,28,14,13.0,0.0,0.0,0.0,0.0,0.0,10.0,94.0,9.4,0.0,134.0,92.0,972.0,10.57,4.0,3.0,0.0,5,,,137.0,228.6,231.6,182.6,15.0,22,55.0,EdelJu00
56,Anquan Boldin,SFO,WR,34,16,16.0,0.0,1.0,0.0,0.0,0.0,1.0,4.0,4.0,0.0,130.0,83.0,1062.0,12.8,5.0,0.0,0.0,5,,,137.0,219.6,222.6,178.1,15.0,21,56.0,BoldAn00
57,Brandon LaFell,NWE,WR,28,16,13.0,0.0,0.0,0.0,0.0,0.0,2.0,13.0,6.5,0.0,119.0,74.0,953.0,12.88,7.0,1.0,1.0,7,,,137.0,210.6,214.6,173.6,15.0,23,57.0,LaFeBr00
58,A.J. Green,CIN,WR,26,13,13.0,0.0,0.0,0.0,0.0,0.0,2.0,2.0,1.0,0.0,117.0,69.0,1041.0,15.09,6.0,3.0,2.0,6,,,136.0,205.3,210.3,170.8,15.0,24,58.0,GreeA.00
59,Jordan Matthews,PHI,WR,22,16,10.0,0.0,0.0,0.0,0.0,0.0,0.0,0.0,,0.0,103.0,67.0,872.0,13.01,8.0,0.0,0.0,8,,,135.0,202.2,205.2,168.7,14.0,25,59.0,MattJo00
60,Ryan Tannehill,MIA,QB,26,16,16.0,392.0,590.0,4045.0,27.0,12.0,56.0,311.0,5.55,1.0,1.0,1.0,-4.0,-4.0,0.0,9.0,2.0,1,,,279.0,279.5,299.5,291.0,13.0,8,60.0,TannRy00
61,Chris Ivory,NYJ,RB,26,16,10.0,0.0,0.0,0.0,0.0,0.0,198.0,821.0,4.15,6.0,27.0,18.0,123.0,6.83,1.0,2.0,1.0,7,,,134.0,152.4,159.4,143.4,13.0,19,61.0,IvorCh00
62,Tom Brady,NWE,QB,37,16,16.0,373.0,582.0,4109.0,33.0,9.0,36.0,57.0,1.58,0.0,0.0,0.0,0.0,,0.0,6.0,3.0,0,,,278.0,278.1,293.1,287.1,12.0,9,62.0,BradTo00
63,Sammy Watkins,BUF,WR,21,16,16.0,0.0,0.0,0.0,0.0,0.0,2.0,8.0,4.0,0.0,128.0,65.0,982.0,15.11,6.0,1.0,1.0,6,,,133.0,198.0,202.0,165.5,11.0,26,63.0,WatkSa00
64,Andre Ellington,ARI,RB,25,12,12.0,0.0,0.0,0.0,0.0,0.0,201.0,660.0,3.28,3.0,64.0,46.0,395.0,8.59,2.0,2.0,2.0,5,,,132.0,177.5,185.5,154.5,11.0,20,64.0,ElliAn00
65,Roddy White,ATL,WR,33,14,14.0,0.0,0.0,0.0,0.0,0.0,0.0,0.0,,0.0,125.0,80.0,921.0,11.51,7.0,3.0,1.0,7,,,132.0,212.1,216.1,172.1,11.0,27,65.0,WhitRo00
66,Jason Witten,DAL,TE,32,16,16.0,0.0,0.0,0.0,0.0,0.0,0.0,0.0,,0.0,90.0,64.0,703.0,10.98,5.0,0.0,0.0,5,,,100.0,164.3,167.3,132.3,10.0,10,66.0,WittJa00
67,Andre Williams,NYG,RB,22,16,7.0,0.0,0.0,0.0,0.0,0.0,217.0,721.0,3.32,7.0,37.0,18.0,130.0,7.22,0.0,1.0,0.0,7,,,127.0,145.1,151.1,136.1,6.0,21,67.0,WillAn00
68,Eric Decker,NYJ,WR,27,15,15.0,0.0,0.0,0.0,0.0,0.0,0.0,0.0,,0.0,115.0,74.0,962.0,13.0,5.0,0.0,0.0,5,,,126.0,200.2,203.2,163.2,5.0,28,68.0,DeckEr00
69,Eli Manning,NYG,QB,33,16,16.0,379.0,601.0,4410.0,30.0,14.0,12.0,31.0,2.58,1.0,0.0,0.0,0.0,,0.0,7.0,4.0,1,,,270.0,269.5,290.5,283.5,4.0,10,69.0,MannEl00
70,Heath Miller,PIT,TE,32,16,16.0,0.0,0.0,0.0,0.0,0.0,0.0,0.0,,0.0,91.0,66.0,761.0,11.53,3.0,1.0,1.0,3,1.0,,94.0,160.1,164.1,127.1,4.0,11,70.0,MillHe00
71,Mohamed Sanu,CIN,WR,25,16,13.0,3.0,3.0,79.0,1.0,0.0,7.0,51.0,7.29,0.0,98.0,56.0,790.0,14.11,5.0,0.0,0.0,5,1.0,,123.0,179.3,182.3,151.3,2.0,29,71.0,SanuMo00
72,Fred Jackson,BUF,RB,33,14,9.0,0.0,1.0,0.0,0.0,0.0,141.0,525.0,3.72,2.0,90.0,66.0,501.0,7.59,1.0,5.0,0.0,3,1.0,,123.0,188.6,194.6,155.6,2.0,22,72.0,JackFr02
73,Tony Romo,DAL,QB,34,15,15.0,304.0,435.0,3705.0,34.0,9.0,26.0,61.0,2.35,0.0,0.0,0.0,0.0,,0.0,7.0,3.0,0,,,266.0,266.3,281.3,275.3,1.0,11,73.0,RomoTo00
74,Steven Jackson,ATL,RB,31,15,15.0,0.0,0.0,0.0,0.0,0.0,190.0,707.0,3.72,6.0,27.0,20.0,148.0,7.4,0.0,0.0,0.0,6,,,122.0,141.5,147.5,131.5,1.0,23,74.0,JackSt00
75,Philip Rivers,SDG,QB,33,16,16.0,379.0,570.0,4286.0,31.0,18.0,37.0,102.0,2.76,0.0,0.0,0.0,0.0,,0.0,8.0,2.0,0,,,266.0,265.6,291.6,283.6,,12,75.0,RivePh00
76,Joe Flacco,BAL,QB,29,16,16.0,344.0,554.0,3986.0,27.0,12.0,39.0,70.0,1.79,2.0,0.0,0.0,0.0,,0.0,5.0,0.0,2,,,262.0,262.4,277.4,274.4,,13,76.0,FlacJo00
77,Jay Cutler,CHI,QB,31,15,15.0,370.0,561.0,3812.0,28.0,18.0,39.0,191.0,4.9,2.0,0.0,0.0,0.0,,0.0,12.0,6.0,2,,4.0,256.0,255.6,285.6,273.6,,14,77.0,CutlJa00
78,Matthew Stafford,DET,QB,26,16,16.0,363.0,602.0,4257.0,22.0,12.0,43.0,93.0,2.16,2.0,0.0,0.0,0.0,,0.0,8.0,3.0,2,,1.0,252.0,251.6,269.6,263.6,,15,78.0,StafMa00
79,Colin Kaepernick,SFO,QB,27,16,16.0,289.0,478.0,3369.0,19.0,10.0,104.0,639.0,6.14,1.0,0.0,0.0,0.0,,0.0,8.0,5.0,1,,,251.0,250.7,271.7,260.7,,16,,KaepCo00
80,Cam Newton,CAR,QB,25,14,14.0,262.0,448.0,3127.0,18.0,12.0,103.0,539.0,5.23,5.0,0.0,0.0,0.0,,0.0,9.0,5.0,5,,1.0,249.0,249.0,272.0,261.0,,17,,NewtCa00
81,Andy Dalton,CIN,QB,27,16,16.0,309.0,481.0,3398.0,19.0,17.0,60.0,169.0,2.82,4.0,1.0,1.0,18.0,18.0,1.0,3.0,2.0,5,,1.0,225.0,225.6,250.6,242.1,,18,,DaltAn00
82,Alex Smith,KAN,QB,30,15,15.0,303.0,464.0,3265.0,18.0,6.0,49.0,254.0,5.18,1.0,0.0,0.0,0.0,,0.0,4.0,1.0,1,,,220.0,220.0,233.0,226.0,,19,,SmitAl03
83,Derek Carr,OAK,QB,23,16,16.0,348.0,599.0,3270.0,21.0,12.0,29.0,92.0,3.17,0.0,1.0,0.0,0.0,,0.0,10.0,4.0,0,,,192.0,192.0,211.0,204.0,,20,,CarrDe02
84,Teddy Bridgewater,MIN,QB,22,13,12.0,259.0,402.0,2919.0,14.0,12.0,47.0,209.0,4.45,1.0,0.0,0.0,0.0,,0.0,3.0,0.0,1,,2.0,180.0,179.7,197.7,191.7,,22,,BridTe00
85,Ryan Fitzpatrick,HOU,QB,32,12,12.0,197.0,312.0,2483.0,17.0,8.0,50.0,184.0,3.68,2.0,0.0,0.0,0.0,,0.0,5.0,1.0,2,,,180.0,179.7,194.7,187.7,,21,,FitzRy00
86,Kyle Orton,BUF,QB,32,12,12.0,287.0,447.0,3018.0,18.0,10.0,15.0,14.0,0.93,1.0,0.0,0.0,0.0,,0.0,3.0,3.0,1,,1.0,176.0,176.1,192.1,186.1,,23,,OrtoKy00
87,Blake Bortles,JAX,QB,22,14,13.0,280.0,475.0,2908.0,11.0,17.0,56.0,419.0,7.48,0.0,0.0,0.0,0.0,,0.0,7.0,1.0,0,,1.0,168.0,168.2,192.2,185.2,,24,,BortBl00
88,Brian Hoyer,CLE,QB,29,14,13.0,242.0,438.0,3326.0,12.0,13.0,24.0,39.0,1.63,0.0,0.0,0.0,0.0,,0.0,4.0,1.0,0,,,157.0,156.9,173.9,169.9,,25,,HoyeBr00
89,Geno Smith,NYJ,QB,24,14,13.0,219.0,367.0,2525.0,13.0,13.0,59.0,238.0,4.03,1.0,1.0,0.0,0.0,,0.0,8.0,3.0,1,,,151.0,150.8,172.8,163.8,,26,,SmitGe00
90,Mark Sanchez,PHI,QB,28,9,8.0,198.0,309.0,2418.0,14.0,11.0,34.0,87.0,2.56,1.0,0.0,0.0,0.0,,0.0,7.0,3.0,1,,,139.0,139.4,156.4,150.4,,27,,SancMa00
91,Josh McCown,TAM,QB,35,11,11.0,184.0,327.0,2206.0,11.0,14.0,25.0,127.0,5.08,3.0,0.0,0.0,0.0,,0.0,10.0,4.0,3,,,127.0,126.9,150.9,140.9,,28,,McCoJo01
92,Malcom Floyd,SDG,WR,33,16,16.0,0.0,0.0,0.0,0.0,0.0,0.0,0.0,,0.0,92.0,52.0,856.0,16.46,6.0,0.0,0.0,6,,,122.0,173.6,176.6,147.6,,30,,FloyMa00
93,Jonathan Stewart,CAR,RB,27,13,8.0,0.0,0.0,0.0,0.0,0.0,175.0,809.0,4.62,3.0,31.0,25.0,181.0,7.24,1.0,2.0,1.0,4,,,121.0,146.0,153.0,133.5,,24,,StewJo00
94,Nick Foles,PHI,QB,25,8,8.0,186.0,311.0,2163.0,13.0,10.0,16.0,68.0,4.25,0.0,0.0,0.0,0.0,,0.0,4.0,3.0,0,,,119.0,119.3,135.3,129.3,,29,,FoleNi00
95,Tre Mason,STL,RB,21,12,9.0,0.0,0.0,0.0,0.0,0.0,179.0,765.0,4.27,4.0,26.0,16.0,148.0,9.25,1.0,2.0,1.0,5,,,119.0,135.3,142.3,127.3,,25,,MasoTr00
96,Eddie Royal,SDG,WR,28,16,11.0,0.0,0.0,0.0,0.0,0.0,3.0,14.0,4.67,0.0,91.0,62.0,778.0,12.55,7.0,1.0,1.0,7,,,119.0,181.2,185.2,150.2,,31,,RoyaEd00
97,Marques Colston,NOR,WR,31,16,13.0,0.0,0.0,0.0,0.0,0.0,0.0,0.0,,0.0,100.0,59.0,902.0,15.29,5.0,1.0,1.0,5,,,118.0,177.2,181.2,147.7,,33,,ColsMa00
98,Michael Floyd,ARI,WR,25,16,14.0,0.0,0.0,0.0,0.0,0.0,1.0,2.0,2.0,0.0,99.0,47.0,841.0,17.89,6.0,3.0,1.0,6,,,118.0,165.3,169.3,141.8,,32,,FloyMi00
99,Brandon Marshall,CHI,WR,30,13,13.0,0.0,0.0,0.0,0.0,0.0,0.0,0.0,,0.0,106.0,61.0,721.0,11.82,8.0,1.0,1.0,8,,,118.0,179.1,183.1,148.6,,34,,MarsBr00
100,Darren Sproles,PHI,RB,31,15,0.0,0.0,0.0,0.0,0.0,0.0,57.0,329.0,5.77,6.0,62.0,40.0,387.0,9.68,0.0,4.0,1.0,8,,,118.0,157.6,164.6,137.6,,26,,SproDa00
101,Ahmad Bradshaw,IND,RB,28,10,1.0,0.0,0.0,0.0,0.0,0.0,90.0,425.0,4.72,2.0,47.0,38.0,300.0,7.89,6.0,3.0,2.0,8,,,117.0,154.5,162.5,135.5,,27,,BradAh00
102,Shane Vereen,NWE,RB,25,16,6.0,0.0,0.0,0.0,0.0,0.0,96.0,391.0,4.07,2.0,77.0,52.0,447.0,8.6,3.0,0.0,0.0,5,,,114.0,165.8,171.8,139.8,,28,,VereSh00
103,Isaiah Crowell,CLE,RB,21,16,4.0,0.0,0.0,0.0,0.0,0.0,148.0,607.0,4.1,8.0,14.0,9.0,87.0,9.67,0.0,3.0,2.0,8,,,113.0,122.4,127.4,117.9,,29,,CrowIs00
104,Rueben Randle,NYG,WR,23,16,13.0,0.0,0.0,0.0,0.0,0.0,0.0,0.0,,0.0,127.0,71.0,938.0,13.21,3.0,0.0,0.0,3,,,112.0,182.8,185.8,147.3,,35,,RandRu00
105,Kenny Stills,NOR,WR,22,15,7.0,0.0,0.0,0.0,0.0,0.0,1.0,-2.0,-2.0,0.0,83.0,63.0,931.0,14.78,3.0,1.0,0.0,3,,,111.0,173.9,176.9,142.4,,36,,StilKe00
106,Kendall Wright,TEN,WR,25,14,11.0,0.0,0.0,0.0,0.0,0.0,4.0,54.0,13.5,0.0,93.0,57.0,715.0,12.54,6.0,1.0,1.0,6,,,111.0,167.9,171.9,139.4,,37,,WrigKe01
107,Vincent Jackson,TAM,WR,31,16,16.0,0.0,0.0,0.0,0.0,0.0,0.0,0.0,,0.0,142.0,70.0,1002.0,14.31,2.0,1.0,1.0,2,,,110.0,180.2,184.2,145.2,,38,,JackVi00
108,Greg Jennings,MIN,WR,31,16,13.0,0.0,0.0,0.0,0.0,0.0,0.0,0.0,,0.0,92.0,59.0,742.0,12.58,6.0,1.0,0.0,6,,,110.0,169.2,172.2,139.7,,39,,JennGr00
109,Terrance Williams,DAL,WR,25,16,16.0,0.0,0.0,0.0,0.0,0.0,0.0,0.0,,0.0,66.0,37.0,621.0,16.78,8.0,0.0,0.0,8,,,110.0,147.1,150.1,128.6,,40,,WillTe01
110,Rashad Jennings,NYG,RB,29,11,9.0,0.0,0.0,0.0,0.0,0.0,167.0,639.0,3.83,4.0,41.0,30.0,226.0,7.53,0.0,1.0,1.0,4,,,109.0,138.5,145.5,123.5,,31,,JennRa00
111,Branden Oliver,SDG,RB,23,14,7.0,0.0,0.0,0.0,0.0,0.0,160.0,582.0,3.64,3.0,45.0,36.0,271.0,7.53,1.0,0.0,0.0,4,,,109.0,145.3,151.3,127.3,,30,,OlivBr01
112,Austin Davis,STL,QB,25,10,8.0,180.0,284.0,2001.0,12.0,9.0,16.0,36.0,2.25,0.0,0.0,0.0,0.0,,0.0,5.0,3.0,0,,,108.0,107.6,122.6,116.6,,30,,DaviAu00
113,Andre Johnson,HOU,WR,33,15,15.0,0.0,0.0,0.0,0.0,0.0,0.0,0.0,,0.0,146.0,85.0,936.0,11.01,3.0,3.0,3.0,3,,,106.0,190.6,196.6,148.1,,41,,JohnAn02
114,Knile Davis,KAN,RB,23,16,1.0,0.0,0.0,0.0,0.0,0.0,134.0,463.0,3.46,6.0,25.0,16.0,147.0,9.19,1.0,4.0,2.0,8,,,105.0,121.0,129.0,113.0,,32,,DaviKn00
115,Martavis Bryant,PIT,WR,23,10,3.0,0.0,0.0,0.0,0.0,0.0,3.0,12.0,4.0,0.0,48.0,26.0,549.0,21.12,8.0,0.0,0.0,8,,,104.0,130.1,133.1,117.1,,42,,BryaMa00
116,Allen Hurns,JAX,WR,23,16,8.0,0.0,0.0,0.0,0.0,0.0,0.0,0.0,,0.0,97.0,51.0,677.0,13.27,6.0,0.0,0.0,6,,,104.0,154.7,157.7,129.2,,43,,HurnAl01
117,Carson Palmer,ARI,QB,35,6,6.0,141.0,224.0,1626.0,11.0,3.0,8.0,25.0,3.13,0.0,1.0,0.0,0.0,,0.0,3.0,1.0,0,,,104.0,103.5,110.5,106.5,,31,,PalmCa00
118,Terrance West,CLE,RB,23,14,6.0,0.0,0.0,0.0,0.0,0.0,171.0,673.0,3.94,4.0,13.0,11.0,64.0,5.82,1.0,2.0,1.0,5,,,102.0,112.7,116.7,107.2,,33,,WestTe00
119,Doug Baldwin,SEA,WR,26,16,16.0,0.0,0.0,0.0,0.0,0.0,1.0,8.0,8.0,0.0,98.0,66.0,825.0,12.5,3.0,0.0,0.0,3,,,101.0,167.3,170.3,134.3,,44,,BaldDo00
120,James Jones,OAK,WR,30,16,10.0,0.0,0.0,0.0,0.0,0.0,0.0,0.0,,0.0,112.0,73.0,666.0,9.12,6.0,3.0,1.0,6,,,101.0,173.6,177.6,137.1,,45,,JoneJa04
121,Robert Woods,BUF,WR,22,16,15.0,0.0,0.0,0.0,0.0,0.0,0.0,0.0,,0.0,104.0,65.0,699.0,10.75,5.0,1.0,1.0,5,1.0,,100.0,164.9,168.9,132.4,,46,,WoodRo02
122,John Brown,ARI,WR,24,16,5.0,0.0,0.0,0.0,0.0,0.0,3.0,-6.0,-2.0,0.0,102.0,48.0,696.0,14.5,5.0,0.0,0.0,5,,,99.0,147.0,150.0,123.0,,47,,BrowJo02
123,Keenan Allen,SDG,WR,22,14,14.0,0.0,0.0,0.0,0.0,0.0,0.0,0.0,,0.0,121.0,77.0,783.0,10.17,4.0,2.0,2.0,4,,,98.0,175.3,180.3,136.8,,48,,AlleKe00
124,Jarvis Landry,MIA,WR,22,16,11.0,0.0,0.0,0.0,0.0,0.0,2.0,-4.0,-2.0,0.0,112.0,84.0,758.0,9.02,5.0,7.0,4.0,5,,,97.0,181.4,188.4,139.4,,49,,LandJa00
125,Andrew Hawkins,CLE,WR,28,15,15.0,0.0,0.0,0.0,0.0,0.0,3.0,15.0,5.0,0.0,112.0,63.0,824.0,13.08,2.0,0.0,0.0,2,,,96.0,158.9,161.9,127.4,,50,,HawkAn00
126,Drew Stanton,ARI,QB,30,9,8.0,132.0,240.0,1711.0,7.0,5.0,25.0,63.0,2.52,0.0,0.0,0.0,0.0,,0.0,1.0,0.0,0,,1.0,95.0,94.7,102.7,99.7,,32,,StanDr00
127,Kenny Britt,STL,WR,26,16,13.0,0.0,0.0,0.0,0.0,0.0,2.0,14.0,7.0,0.0,84.0,48.0,748.0,15.58,3.0,0.0,0.0,3,,,94.0,142.2,145.2,118.2,,51,,BritKe00
128,Michael Crabtree,SFO,WR,27,16,16.0,0.0,0.0,0.0,0.0,0.0,1.0,4.0,4.0,0.0,108.0,68.0,698.0,10.26,4.0,0.0,0.0,4,,,94.0,162.2,165.2,128.2,,52,,CrabMi00
129,Pierre Garcon,WAS,WR,28,16,14.0,0.0,1.0,0.0,0.0,0.0,0.0,0.0,,0.0,105.0,68.0,752.0,11.06,3.0,0.0,0.0,3,,,93.0,161.2,164.2,127.2,,54,,GarcPi00
130,Andre Holmes,OAK,WR,26,16,13.0,0.0,0.0,0.0,0.0,0.0,0.0,0.0,,0.0,99.0,47.0,693.0,14.74,4.0,0.0,0.0,4,,,93.0,140.3,143.3,116.8,,53,,HolmAn00
131,Chris Johnson,NYJ,RB,29,16,6.0,0.0,0.0,0.0,0.0,0.0,155.0,663.0,4.28,1.0,34.0,24.0,151.0,6.29,1.0,1.0,1.0,2,,,91.0,115.4,122.4,103.4,,34,,JohnCh04
132,Trent Richardson,IND,RB,24,15,12.0,0.0,0.0,0.0,0.0,0.0,159.0,519.0,3.26,3.0,34.0,27.0,229.0,8.48,0.0,2.0,1.0,3,,,91.0,117.8,124.8,104.3,,35,,RichTr00
133,Denard Robinson,JAX,RB,24,13,9.0,0.0,1.0,0.0,0.0,0.0,135.0,582.0,4.31,4.0,31.0,23.0,124.0,5.39,0.0,2.0,2.0,4,,,91.0,113.6,121.6,102.1,,36,,RobiDe00
134,Larry Donnell,NYG,TE,26,16,12.0,0.0,0.0,0.0,0.0,0.0,0.0,0.0,,0.0,92.0,63.0,623.0,9.89,6.0,4.0,4.0,6,,,90.0,153.3,160.3,121.8,,12,,DonnLa00
135,Mike Glennon,TAM,QB,25,6,5.0,117.0,203.0,1417.0,10.0,6.0,10.0,49.0,4.9,0.0,0.0,0.0,0.0,,0.0,2.0,0.0,0,,,90.0,89.6,98.6,95.6,,33,,GlenMi00
136,Shaun Hill,STL,QB,34,9,8.0,145.0,229.0,1657.0,8.0,7.0,10.0,10.0,1.0,1.0,1.0,1.0,0.0,0.0,0.0,7.0,1.0,1,,,89.0,90.3,101.3,96.8,,34,,HillSh00
137,Dwayne Allen,IND,TE,24,13,13.0,0.0,0.0,0.0,0.0,0.0,0.0,0.0,,0.0,50.0,29.0,395.0,13.62,8.0,1.0,0.0,8,,,88.0,116.5,119.5,102.0,,13,,AlleDw00
138,LeGarrette Blount,2TM,RB,28,16,1.0,0.0,0.0,0.0,0.0,0.0,125.0,547.0,4.38,5.0,12.0,10.0,54.0,5.4,0.0,1.0,1.0,5,,,88.0,98.1,102.1,93.1,,37,,BlouLe00
139,Kirk Cousins,WAS,QB,26,6,5.0,126.0,204.0,1710.0,10.0,9.0,7.0,20.0,2.86,0.0,0.0,0.0,0.0,,0.0,2.0,2.0,0,,,88.0,88.4,102.4,97.4,,35,,CousKi00
140,Larry Fitzgerald,ARI,WR,31,14,13.0,0.0,0.0,0.0,0.0,0.0,0.0,0.0,,0.0,103.0,63.0,784.0,12.44,2.0,1.0,1.0,2,,,88.0,151.4,155.4,119.9,,55,,FitzLa00
141,Reggie Wayne,IND,WR,36,15,15.0,0.0,0.0,0.0,0.0,0.0,0.0,0.0,,0.0,116.0,64.0,779.0,12.17,2.0,1.0,1.0,2,,,88.0,151.9,155.9,119.9,,56,,WaynRe00
142,Robert Griffin III,WAS,QB,24,9,7.0,147.0,214.0,1694.0,4.0,6.0,38.0,176.0,4.63,1.0,0.0,0.0,0.0,,0.0,9.0,4.0,1,,,87.0,87.4,103.4,93.4,,36,,GrifRo01
143,Charlie Whitehurst,TEN,QB,32,7,5.0,105.0,185.0,1326.0,7.0,2.0,20.0,90.0,4.5,0.0,0.0,0.0,10.0,,0.0,3.0,0.0,0,,,87.0,87.0,92.0,89.0,,37,,WhitCh02
144,Brandin Cooks,NOR,WR,21,10,7.0,0.0,0.0,0.0,0.0,0.0,7.0,73.0,10.43,1.0,69.0,53.0,550.0,10.38,3.0,1.0,0.0,4,,,86.0,139.3,142.3,112.8,,57,,CookBr00
145,Zach Ertz,PHI,TE,24,16,5.0,0.0,0.0,0.0,0.0,0.0,0.0,0.0,,0.0,89.0,58.0,702.0,12.1,3.0,1.0,1.0,3,,,86.0,144.2,148.2,115.2,,14,,ErtzZa00
146,Roy Helu,WAS,RB,26,14,0.0,0.0,0.0,0.0,0.0,0.0,40.0,216.0,5.4,1.0,47.0,42.0,477.0,11.36,2.0,2.0,1.0,3,,,85.0,127.3,134.3,106.3,,38,,HeluRo00
147,Darren McFadden,OAK,RB,27,16,12.0,0.0,1.0,0.0,0.0,0.0,155.0,534.0,3.45,2.0,56.0,36.0,212.0,5.89,0.0,1.0,1.0,2,,,85.0,120.6,127.6,102.6,,39,,McFaDa00
148,Alfred Blue,HOU,RB,23,16,3.0,0.0,0.0,0.0,0.0,0.0,169.0,528.0,3.12,2.0,18.0,15.0,113.0,7.53,1.0,0.0,0.0,3,,,82.0,97.1,103.1,89.6,,40,,BlueAl00
149,Jared Cook,STL,TE,27,16,6.0,0.0,0.0,0.0,0.0,0.0,1.0,0.0,0.0,0.0,99.0,52.0,634.0,12.19,3.0,0.0,0.0,3,,,81.0,133.4,136.4,107.4,,15,,CookJa02
150,Ronnie Hillman,DEN,RB,23,8,4.0,0.0,0.0,0.0,0.0,0.0,106.0,434.0,4.09,3.0,34.0,21.0,139.0,6.62,1.0,1.0,0.0,4,,,81.0,102.3,108.3,91.8,,41,,HillRo00
151,Benny Cunningham,STL,RB,24,16,2.0,0.0,0.0,0.0,0.0,0.0,66.0,246.0,3.73,3.0,52.0,45.0,352.0,7.82,1.0,2.0,2.0,4,,,80.0,124.8,132.8,102.3,,42,,CunnBe01
152,Charles Clay,MIA,TE,25,14,14.0,0.0,0.0,0.0,0.0,0.0,0.0,0.0,,0.0,84.0,58.0,605.0,10.43,3.0,0.0,0.0,3,,,79.0,136.5,139.5,107.5,,16,,ClayCh00
153,Percy Harvin,2TM,WR,26,13,12.0,0.0,0.0,0.0,0.0,0.0,33.0,202.0,6.12,1.0,78.0,51.0,483.0,9.47,1.0,3.0,1.0,2,,,79.0,129.5,136.5,104.0,,58,,HarvPe00
154,Bobby Rainey,TAM,RB,27,15,5.0,0.0,1.0,0.0,0.0,0.0,94.0,406.0,4.32,1.0,45.0,33.0,315.0,9.55,1.0,3.0,3.0,2,,,78.0,111.1,120.1,94.6,,44,,RainBo00
155,Bishop Sankey,TEN,RB,22,16,9.0,0.0,0.0,0.0,0.0,0.0,152.0,569.0,3.74,2.0,23.0,18.0,133.0,7.39,0.0,2.0,2.0,2,,,78.0,96.2,104.2,87.2,,43,,SankBi00
156,Pierre Thomas,NOR,RB,30,11,3.0,0.0,0.0,0.0,0.0,0.0,45.0,222.0,4.93,2.0,55.0,45.0,378.0,8.4,1.0,0.0,0.0,3,,,78.0,123.0,129.0,100.5,,45,,ThomPi00
157,Markus Wheaton,PIT,WR,23,16,11.0,0.0,0.0,0.0,0.0,0.0,4.0,19.0,4.75,0.0,86.0,53.0,644.0,12.15,2.0,0.0,0.0,2,,,78.0,131.3,134.3,104.8,,59,,WheaMa00
158,Jarius Wright,MIN,WR,25,16,7.0,0.0,0.0,0.0,0.0,0.0,5.0,71.0,14.2,0.0,62.0,42.0,588.0,14.0,2.0,0.0,0.0,2,,,78.0,119.9,122.9,98.9,,60,,WrigJa02
159,Owen Daniels,BAL,TE,32,15,13.0,0.0,0.0,0.0,0.0,0.0,0.0,0.0,,0.0,79.0,48.0,527.0,10.98,4.0,0.0,0.0,4,,,77.0,124.7,127.7,100.7,,17,,DaniOw00
160,Nate Washington,TEN,WR,31,16,11.0,0.0,0.0,0.0,0.0,0.0,0.0,0.0,,0.0,72.0,40.0,647.0,16.18,2.0,0.0,0.0,2,,,77.0,116.7,119.7,96.7,,61,,WashNa00
161,Jermaine Gresham,CIN,TE,26,15,15.0,0.0,0.0,0.0,0.0,0.0,0.0,0.0,,0.0,79.0,62.0,460.0,7.42,5.0,3.0,0.0,5,,,76.0,138.0,141.0,107.0,,18,,GresJe00
162,Dwayne Bowe,KAN,WR,30,15,15.0,0.0,0.0,0.0,0.0,0.0,0.0,0.0,,0.0,95.0,60.0,754.0,12.57,0.0,2.0,0.0,0,,,75.0,135.4,138.4,105.4,,62,,BoweDw00
163,Mychal Rivera,OAK,TE,24,16,10.0,0.0,0.0,0.0,0.0,0.0,0.0,0.0,,0.0,99.0,58.0,534.0,9.21,4.0,3.0,1.0,4,,,75.0,133.4,137.4,104.4,,19,,RiveMy00
164,Riley Cooper,PHI,WR,27,16,16.0,0.0,0.0,0.0,0.0,0.0,0.0,0.0,,0.0,95.0,55.0,577.0,10.49,3.0,1.0,1.0,3,,,74.0,128.7,132.7,101.2,,63,,CoopRi00
165,Jonas Gray,NWE,RB,24,8,3.0,0.0,0.0,0.0,0.0,0.0,89.0,412.0,4.63,5.0,3.0,1.0,7.0,7.0,0.0,0.0,0.0,5,,,72.0,72.9,75.9,72.4,,46,,GrayJo00
166,Zach Mettenberger,TEN,QB,23,7,6.0,107.0,179.0,1412.0,8.0,7.0,5.0,4.0,0.8,0.0,0.0,0.0,0.0,,0.0,4.0,2.0,0,,,71.0,70.9,82.9,77.9,,38,,MettZa00
167,Harry Douglas,ATL,WR,30,12,6.0,0.0,0.0,0.0,0.0,0.0,0.0,0.0,,0.0,74.0,51.0,556.0,10.9,2.0,0.0,0.0,2,1.0,,70.0,120.6,123.6,95.1,,64,,DougHa00
168,Miles Austin,CLE,WR,30,12,11.0,0.0,0.0,0.0,0.0,0.0,0.0,0.0,,0.0,73.0,47.0,568.0,12.09,2.0,0.0,0.0,2,,,69.0,115.8,118.8,92.3,,66,,AustMi00
169,Taylor Gabriel,CLE,WR,23,16,2.0,0.0,0.0,0.0,0.0,0.0,4.0,10.0,2.5,0.0,72.0,36.0,621.0,17.25,1.0,0.0,0.0,1,,,69.0,105.1,108.1,87.1,,65,,GabrTa00
170,Latavius Murray,OAK,RB,24,15,3.0,0.0,0.0,0.0,0.0,0.0,82.0,424.0,5.17,2.0,23.0,17.0,143.0,8.41,0.0,1.0,0.0,2,,,69.0,85.7,91.7,77.2,,47,,MurrLa00
171,Allen Robinson,JAX,WR,21,10,8.0,0.0,0.0,0.0,0.0,0.0,0.0,0.0,,0.0,81.0,48.0,548.0,11.42,2.0,0.0,0.0,2,1.0,,69.0,116.8,119.8,92.8,,67,,RobiAl02
172,Scott Chandler,BUF,TE,29,16,5.0,0.0,0.0,0.0,0.0,0.0,0.0,0.0,,0.0,70.0,47.0,497.0,10.57,3.0,0.0,0.0,3,,,68.0,114.7,117.7,91.2,,20,,ChanSc00
173,Justin Hunter,TEN,WR,23,12,8.0,0.0,0.0,0.0,0.0,0.0,0.0,0.0,,0.0,67.0,28.0,498.0,17.79,3.0,0.0,0.0,3,,,68.0,95.8,98.8,81.8,,68,,HuntJu00
174,Doug Martin,TAM,RB,25,11,11.0,0.0,0.0,0.0,0.0,0.0,134.0,494.0,3.69,2.0,20.0,13.0,64.0,4.92,0.0,0.0,0.0,2,,,68.0,80.8,83.8,74.3,,48,,MartDo00
175,Reggie Bush,DET,RB,29,11,9.0,0.0,0.0,0.0,0.0,0.0,76.0,297.0,3.91,2.0,56.0,40.0,253.0,6.33,0.0,0.0,0.0,2,,,67.0,107.0,113.0,87.0,,51,,BushRe00
176,Jerick McKinnon,MIN,RB,22,11,6.0,0.0,0.0,0.0,0.0,0.0,113.0,538.0,4.76,0.0,41.0,27.0,135.0,5.0,0.0,0.0,0.0,0,,,67.0,94.3,100.3,80.8,,49,,McKiJe00
177,Ben Tate,3TM,RB,26,11,6.0,0.0,0.0,0.0,0.0,0.0,119.0,371.0,3.12,4.0,12.0,9.0,60.0,6.67,0.0,0.0,0.0,4,,,67.0,76.1,79.1,71.6,,50,,TateBe00
178,Ben Tate,PIT,RB,26,0,0.0,,,,,,,,,,,,,,,,,0,,,67.0,,,,,50,,TateBe00
179,Jerricho Cotchery,CAR,WR,32,15,13.0,0.0,0.0,0.0,0.0,0.0,0.0,0.0,,0.0,78.0,48.0,580.0,12.08,1.0,0.0,0.0,1,1.0,,66.0,114.0,117.0,90.0,,69,,CotcJe00
180,Tavon Austin,STL,WR,24,15,8.0,0.0,0.0,0.0,0.0,0.0,36.0,224.0,6.22,2.0,44.0,31.0,242.0,7.81,0.0,5.0,0.0,3,,,65.0,95.6,101.6,80.1,,71,,AustTa00
181,Hakeem Nicks,IND,WR,26,16,6.0,0.0,0.0,0.0,0.0,0.0,0.0,0.0,,0.0,68.0,38.0,405.0,10.66,4.0,0.0,0.0,4,,,65.0,102.5,105.5,83.5,,72,,NickHa01
182,Cecil Shorts,JAX,WR,27,13,12.0,2.0,2.0,32.0,1.0,0.0,0.0,0.0,,0.0,110.0,53.0,557.0,10.51,1.0,1.0,1.0,1,,,65.0,118.0,122.0,91.5,,70,,ShorCe00
183,Antone Smith,ATL,RB,29,10,0.0,0.0,0.0,0.0,0.0,0.0,23.0,144.0,6.26,2.0,15.0,13.0,222.0,17.08,3.0,1.0,1.0,5,,,65.0,77.6,84.6,71.1,,52,,SmitAn01
184,Jake Locker,TEN,QB,26,7,5.0,86.0,146.0,993.0,5.0,7.0,22.0,142.0,6.45,1.0,0.0,0.0,0.0,,0.0,3.0,1.0,1,,,64.0,63.9,77.9,70.9,,39,,LockJa00
185,Donte Moncrief,IND,WR,21,16,2.0,0.0,0.0,0.0,0.0,0.0,4.0,17.0,4.25,0.0,49.0,32.0,444.0,13.88,3.0,0.0,0.0,3,,,64.0,96.1,99.1,80.1,,73,,MoncDo00
186,Davante Adams,GNB,WR,22,16,11.0,0.0,0.0,0.0,0.0,0.0,0.0,0.0,,0.0,66.0,38.0,446.0,11.74,3.0,0.0,0.0,3,,,63.0,100.6,103.6,81.6,,74,,AdamDa01
187,Chris Hogan,BUF,WR,27,16,2.0,0.0,0.0,0.0,0.0,0.0,0.0,0.0,,0.0,61.0,41.0,426.0,10.39,4.0,2.0,2.0,4,,,63.0,103.6,108.6,83.1,,75,,HogaCh00
188,Colt McCoy,WAS,QB,28,5,4.0,91.0,128.0,1057.0,4.0,3.0,16.0,66.0,4.13,1.0,0.0,0.0,0.0,,0.0,6.0,1.0,1,,,63.0,62.9,69.9,65.9,,40,,McCoCo00
189,Lorenzo Taliaferro,BAL,RB,23,13,0.0,0.0,0.0,0.0,0.0,0.0,68.0,292.0,4.29,4.0,10.0,8.0,114.0,14.25,0.0,1.0,1.0,4,,,63.0,70.6,77.6,66.6,,53,,TaliLo00
190,Cole Beasley,DAL,WR,25,16,2.0,0.0,0.0,0.0,0.0,0.0,0.0,0.0,,0.0,49.0,37.0,420.0,11.35,4.0,2.0,2.0,4,,,62.0,99.0,104.0,80.5,,76,,BeasCo00
191,Carlos Hyde,SFO,RB,24,14,0.0,0.0,0.0,0.0,0.0,0.0,83.0,333.0,4.01,4.0,16.0,12.0,68.0,5.67,0.0,1.0,1.0,4,,,62.0,74.1,78.1,68.1,,54,,HydeCa00
192,Stevie Johnson,SFO,WR,28,13,1.0,0.0,0.0,0.0,0.0,0.0,0.0,0.0,,0.0,50.0,35.0,435.0,12.43,3.0,0.0,0.0,3,,,62.0,96.5,99.5,79.0,,78,,JohnSt00
193,Jermaine Kearse,SEA,WR,24,15,14.0,1.0,1.0,17.0,0.0,0.0,2.0,15.0,7.5,0.0,69.0,38.0,537.0,14.13,1.0,0.0,0.0,1,,,62.0,99.9,102.9,80.9,,77,,KearJe01
194,Tim Wright,NWE,TE,24,16,2.0,0.0,0.0,0.0,0.0,0.0,1.0,-2.0,-2.0,0.0,33.0,26.0,259.0,9.96,6.0,0.0,0.0,6,,,62.0,87.7,90.7,74.7,,21,,WrigTi01
195,Toby Gerhart,JAX,RB,27,14,7.0,0.0,0.0,0.0,0.0,0.0,101.0,326.0,3.23,2.0,24.0,20.0,186.0,9.3,0.0,1.0,1.0,2,,,61.0,81.2,88.2,71.2,,55,,GerhTo00
196,Theo Riddick,DET,RB,23,14,2.0,0.0,0.0,0.0,0.0,0.0,20.0,51.0,2.55,0.0,50.0,34.0,316.0,9.29,4.0,0.0,0.0,4,,,61.0,94.7,97.7,77.7,,56,,RiddTh00
197,Anthony Dixon,BUF,RB,27,16,0.0,0.0,0.0,0.0,0.0,0.0,105.0,432.0,4.11,2.0,9.0,8.0,49.0,6.13,0.0,1.0,0.0,2,,,60.0,68.1,71.1,64.1,,57,,DixoAn00
198,Charles Johnson,MIN,WR,25,12,6.0,0.0,0.0,0.0,0.0,0.0,1.0,-11.0,-11.0,0.0,59.0,31.0,475.0,15.32,2.0,1.0,0.0,2,1.0,,60.0,91.4,94.4,75.9,,79,,JohnCh08
199,Cordarrelle Patterson,MIN,WR,23,16,7.0,0.0,0.0,0.0,0.0,0.0,10.0,117.0,11.7,1.0,67.0,33.0,384.0,11.64,1.0,1.0,1.0,2,,,60.0,93.1,100.1,76.6,,80,,PattCo00
200,Robert Turbin,SEA,RB,25,16,3.0,0.0,0.0,0.0,0.0,0.0,74.0,310.0,4.19,0.0,20.0,16.0,186.0,11.63,2.0,1.0,1.0,2,,,60.0,75.6,82.6,67.6,,58,,TurbRo00
201,Brian Hartline,MIA,WR,28,16,16.0,0.0,0.0,0.0,0.0,0.0,0.0,0.0,,0.0,63.0,39.0,474.0,12.15,2.0,1.0,0.0,2,,,59.0,98.4,101.4,78.9,,81,,HartBr00
202,EJ Manuel,BUF,QB,24,5,4.0,76.0,131.0,838.0,5.0,3.0,16.0,52.0,3.25,1.0,0.0,0.0,0.0,,0.0,1.0,0.0,1,,,59.0,58.7,64.7,61.7,,41,,ManuEJ00
203,James Starks,GNB,RB,28,16,0.0,0.0,0.0,0.0,0.0,0.0,85.0,333.0,3.92,2.0,29.0,18.0,140.0,7.78,0.0,1.0,0.0,2,,,59.0,77.3,83.3,68.3,,59,,StarJa00
204,Ryan Mathews,SDG,RB,27,6,6.0,0.0,0.0,0.0,0.0,0.0,74.0,330.0,4.46,3.0,10.0,9.0,69.0,7.67,0.0,1.0,0.0,3,,,58.0,66.9,69.9,62.4,,60,,MathRy00
205,Wes Welker,DEN,WR,33,14,8.0,0.0,0.0,0.0,0.0,0.0,0.0,0.0,,0.0,64.0,49.0,464.0,9.47,2.0,0.0,0.0,2,,,58.0,107.4,110.4,82.9,,82,,WelkWe00
206,Stedman Bailey,STL,WR,24,14,3.0,0.0,0.0,0.0,0.0,0.0,1.0,13.0,13.0,0.0,46.0,30.0,435.0,14.5,1.0,0.0,0.0,2,,,57.0,86.8,89.8,71.8,,83,,BailSt01
207,Devonta Freeman,ATL,RB,22,16,0.0,0.0,0.0,0.0,0.0,0.0,65.0,248.0,3.82,1.0,37.0,30.0,225.0,7.5,1.0,1.0,1.0,2,,,57.0,87.3,94.3,72.3,,61,,FreeDe00
208,Khiry Robinson,NOR,RB,25,10,3.0,0.0,0.0,0.0,0.0,0.0,76.0,362.0,4.76,3.0,11.0,8.0,63.0,7.88,0.0,2.0,2.0,3,,,57.0,64.5,69.5,60.5,,62,,RobiKh00
209,Lance Kendricks,STL,TE,26,16,14.0,0.0,0.0,0.0,0.0,0.0,0.0,0.0,,0.0,38.0,27.0,259.0,9.59,5.0,0.0,0.0,5,,,56.0,82.9,85.9,69.4,,22,,KendLa00
210,Jeremy Kerley,NYJ,WR,26,16,7.0,0.0,1.0,0.0,0.0,0.0,4.0,86.0,21.5,0.0,75.0,38.0,409.0,10.76,1.0,1.0,0.0,1,,,56.0,93.5,96.5,74.5,,84,,KerlJe00
211,Brian Quick,STL,WR,25,7,7.0,0.0,0.0,0.0,0.0,0.0,0.0,0.0,,0.0,39.0,25.0,375.0,15.0,3.0,0.0,0.0,3,,,56.0,80.5,83.5,68.0,,85,,QuicBr00
212,Corey Brown,CAR,WR,23,13,3.0,0.0,0.0,0.0,0.0,0.0,8.0,95.0,11.88,0.0,36.0,21.0,296.0,14.1,2.0,3.0,1.0,3,,,55.0,76.1,80.1,65.6,,87,,BrowPh00
213,Niles Paul,WAS,TE,25,16,7.0,0.0,0.0,0.0,0.0,0.0,0.0,0.0,,0.0,52.0,39.0,507.0,13.0,1.0,1.0,1.0,1,,,55.0,93.7,97.7,74.2,,23,,PaulNi00
214,Andre Roberts,WAS,WR,26,16,4.0,0.0,0.0,0.0,0.0,0.0,2.0,21.0,10.5,0.0,73.0,36.0,453.0,12.58,2.0,4.0,2.0,2,,,55.0,91.4,96.4,73.4,,86,,RobeAn00
215,Stepfan Taylor,ARI,RB,23,14,4.0,0.0,0.0,0.0,0.0,0.0,63.0,208.0,3.3,1.0,15.0,11.0,79.0,7.18,3.0,0.0,0.0,4,1.0,,55.0,65.7,68.7,60.2,,63,,TaylSt00
216,Jordan Cameron,CLE,TE,26,10,9.0,0.0,0.0,0.0,0.0,0.0,0.0,0.0,,0.0,48.0,24.0,424.0,17.67,2.0,0.0,0.0,2,,,54.0,78.4,81.4,66.4,,24,,CameJo00
217,Dan Herron,IND,RB,25,16,3.0,0.0,0.0,0.0,0.0,0.0,78.0,351.0,4.5,1.0,26.0,21.0,173.0,8.24,0.0,2.0,2.0,1,,,54.0,75.4,83.4,64.9,,64,,HerrDa00
218,Luke Willson,SEA,TE,24,15,10.0,0.0,0.0,0.0,0.0,0.0,0.0,0.0,,0.0,40.0,22.0,362.0,16.45,3.0,0.0,0.0,3,,,54.0,76.2,79.2,65.2,,25,,WillLu00
219,C.J. Spiller,BUF,RB,27,9,5.0,0.0,0.0,0.0,0.0,0.0,78.0,300.0,3.85,0.0,22.0,19.0,125.0,6.58,1.0,3.0,1.0,2,,,53.0,71.5,78.5,62.0,,65,,SpilC.00
220,Preston Parker,NYG,WR,27,16,7.0,0.0,0.0,0.0,0.0,0.0,0.0,0.0,,0.0,56.0,36.0,418.0,11.61,2.0,2.0,1.0,2,,,52.0,87.8,91.8,69.8,,88,,ParkPr00
221,Travis Benjamin,CLE,WR,25,16,0.0,0.0,0.0,0.0,0.0,0.0,3.0,11.0,3.67,0.0,46.0,18.0,314.0,17.44,3.0,2.0,0.0,3,,,51.0,68.5,71.5,59.5,,89,,BenjTr00
222,Shonn Greene,TEN,RB,29,13,5.0,0.0,0.0,0.0,0.0,0.0,94.0,392.0,4.17,2.0,3.0,1.0,13.0,13.0,0.0,1.0,1.0,2,,,51.0,51.5,55.5,51.0,,68,,GreeSh00
223,Joseph Randle,DAL,RB,23,16,0.0,0.0,0.0,0.0,0.0,0.0,51.0,343.0,6.73,3.0,5.0,4.0,23.0,5.75,0.0,2.0,2.0,3,,,51.0,54.6,59.6,52.6,,67,,RandJo01
224,Jacquizz Rodgers,ATL,RB,24,16,1.0,0.0,0.0,0.0,0.0,0.0,58.0,217.0,3.74,1.0,40.0,29.0,173.0,5.97,1.0,1.0,0.0,2,,,51.0,80.0,86.0,65.5,,66,,RodgJa00
225,Derek Anderson,CAR,QB,31,6,2.0,65.0,97.0,701.0,5.0,0.0,8.0,24.0,3.0,0.0,0.0,0.0,0.0,,0.0,2.0,0.0,0,,,50.0,50.4,53.4,50.4,,42,,AndeDe00
226,Louis Murphy,TAM,WR,27,11,3.0,0.0,0.0,0.0,0.0,0.0,0.0,0.0,,0.0,56.0,31.0,380.0,12.26,2.0,1.0,0.0,2,,,50.0,81.0,84.0,65.5,,90,,MurpLo00
227,Andrew Quarless,GNB,TE,26,16,11.0,0.0,0.0,0.0,0.0,0.0,0.0,0.0,,0.0,46.0,29.0,323.0,11.14,3.0,0.0,0.0,3,,,50.0,79.3,82.3,64.8,,26,,QuarAn00
228,Jordan Todman,JAX,RB,24,16,1.0,0.0,0.0,0.0,0.0,0.0,32.0,186.0,5.81,1.0,37.0,25.0,198.0,7.92,1.0,0.0,0.0,2,,,50.0,75.4,81.4,62.9,,69,,TodmJo00
229,Marqise Lee,JAX,WR,23,13,8.0,0.0,0.0,0.0,0.0,0.0,3.0,9.0,3.0,0.0,69.0,37.0,422.0,11.41,1.0,0.0,0.0,1,,,49.0,86.1,89.1,67.6,,91,,LeexMa00
230,Chris Polk,PHI,RB,25,14,0.0,0.0,0.0,0.0,0.0,0.0,46.0,172.0,3.74,4.0,3.0,2.0,16.0,8.0,0.0,1.0,0.0,5,,,49.0,50.8,53.8,49.8,,70,,PolkCh00
231,Josh Hill,NOR,TE,24,16,3.0,0.0,0.0,0.0,0.0,0.0,0.0,0.0,,0.0,20.0,14.0,176.0,12.57,5.0,0.0,0.0,5,,,48.0,61.6,64.6,54.6,,27,,HillJo02
232,Bernard Pierce,BAL,RB,23,13,2.0,0.0,0.0,0.0,0.0,0.0,93.0,366.0,3.94,2.0,6.0,2.0,13.0,6.5,0.0,1.0,1.0,2,,,48.0,49.9,53.9,48.9,,72,,PierBe00
233,Stevan Ridley,NWE,RB,25,6,5.0,0.0,0.0,0.0,0.0,0.0,94.0,340.0,3.62,2.0,5.0,4.0,20.0,5.0,0.0,0.0,0.0,2,,,48.0,52.0,55.0,50.0,,71,,RidlSt00
234,Juwan Thompson,DEN,RB,22,15,0.0,0.0,0.0,0.0,0.0,0.0,54.0,272.0,5.04,3.0,7.0,4.0,25.0,6.25,0.0,1.0,0.0,3,,,48.0,51.7,54.7,49.7,,73,,ThomJu01
235,Jace Amaro,NYJ,TE,22,14,4.0,0.0,0.0,0.0,0.0,0.0,0.0,0.0,,0.0,53.0,38.0,345.0,9.08,2.0,1.0,0.0,2,,,47.0,84.5,87.5,65.5,,29,,AmarJa00
236,Anthony Fasano,KAN,TE,30,15,13.0,0.0,0.0,0.0,0.0,0.0,0.0,0.0,,0.0,36.0,25.0,226.0,9.04,4.0,0.0,0.0,4,,,47.0,71.6,74.6,59.1,,28,,FasaAn00
237,Zac Stacy,STL,RB,23,13,5.0,0.0,0.0,0.0,0.0,0.0,76.0,293.0,3.86,1.0,23.0,18.0,152.0,8.44,0.0,2.0,2.0,1,,,47.0,64.5,72.5,55.5,,74,,StacZa00
238,Kamar Aiken,BAL,WR,25,16,0.0,0.0,0.0,0.0,0.0,0.0,0.0,0.0,,0.0,32.0,24.0,267.0,11.13,3.0,0.0,0.0,3,,,45.0,68.7,71.7,56.7,,92,,AikeKa00
239,Jordan Reed,WAS,TE,24,11,2.0,0.0,0.0,0.0,0.0,0.0,0.0,0.0,,0.0,65.0,50.0,465.0,9.3,0.0,1.0,1.0,0,,,45.0,94.5,98.5,69.5,,30,,ReedJo02
240,Donald Brown,SDG,RB,27,13,3.0,0.0,0.0,0.0,0.0,0.0,85.0,223.0,2.62,0.0,41.0,29.0,211.0,7.28,0.0,1.0,0.0,0,,,43.0,72.4,78.4,57.9,,75,,BrowDo00
241,John Carlson,ARI,RB,30,16,12.0,0.0,0.0,0.0,0.0,0.0,0.0,0.0,,0.0,55.0,33.0,350.0,10.61,1.0,0.0,0.0,1,1.0,,43.0,76.0,79.0,59.5,,76,,CarlJo00
242,Jeff Cumberland,NYJ,TE,27,16,14.0,0.0,0.0,0.0,0.0,0.0,0.0,0.0,,0.0,47.0,23.0,247.0,10.74,3.0,0.0,0.0,3,,,43.0,65.7,68.7,54.2,,31,,CumbJe00
243,Michael Vick,NYJ,QB,34,10,3.0,64.0,121.0,604.0,3.0,2.0,26.0,153.0,5.88,0.0,0.0,0.0,0.0,,0.0,5.0,2.0,0,,,43.0,43.5,53.5,45.5,,43,,VickMi00
244,Charles Sims,TAM,RB,24,8,0.0,0.0,0.0,0.0,0.0,0.0,66.0,185.0,2.8,1.0,27.0,19.0,190.0,10.0,0.0,2.0,1.0,1,,,42.0,60.5,67.5,51.0,,77,,SimsCh00
245,Jason Avant,2TM,WR,31,16,0.0,0.0,0.0,0.0,0.0,0.0,1.0,1.0,1.0,0.0,62.0,34.0,353.0,10.38,1.0,0.0,0.0,1,,,41.0,75.4,78.4,58.4,,93,,AvanJa00
246,Daniel Fells,NYG,TE,31,16,9.0,0.0,0.0,0.0,0.0,0.0,0.0,0.0,,0.0,20.0,16.0,188.0,11.75,4.0,1.0,1.0,4,,,41.0,56.8,60.8,48.8,,32,,FellDa00
247,Damaris Johnson,HOU,WR,25,16,8.0,0.0,0.0,0.0,0.0,0.0,5.0,19.0,3.8,0.0,49.0,31.0,331.0,10.68,1.0,2.0,0.0,1,,,41.0,72.0,75.0,56.5,,94,,JohnDa04
248,Daniel Thomas,MIA,RB,27,12,0.0,0.0,0.0,0.0,0.0,0.0,44.0,168.0,3.82,2.0,19.0,13.0,121.0,9.31,0.0,1.0,1.0,2,1.0,,41.0,53.9,60.9,47.4,,78,,ThomDa03
249,Brice Butler,OAK,WR,24,15,0.0,0.0,0.0,0.0,0.0,0.0,0.0,0.0,,0.0,35.0,21.0,280.0,13.33,2.0,0.0,0.0,2,,,40.0,61.0,64.0,50.5,,95,,ButlBr00
250,Victor Cruz,NYG,WR,28,6,6.0,0.0,0.0,0.0,0.0,0.0,0.0,0.0,,0.0,41.0,23.0,337.0,14.65,1.0,0.0,0.0,1,,,40.0,62.7,65.7,51.2,,96,,CruzVi00
251,Dion Sims,MIA,TE,23,14,2.0,0.0,0.0,0.0,0.0,0.0,0.0,0.0,,0.0,36.0,24.0,284.0,11.83,2.0,0.0,0.0,2,,,40.0,64.4,67.4,52.4,,33,,SimsDi00
252,Darrel Young,WAS,RB,27,16,10.0,0.0,0.0,0.0,0.0,0.0,9.0,22.0,2.44,3.0,14.0,11.0,81.0,7.36,2.0,0.0,0.0,5,,,40.0,51.3,51.3,45.8,,79,,YounDa01
253,Marcel Reece,OAK,FB,29,15,15.0,0.0,0.0,0.0,0.0,0.0,21.0,85.0,4.05,0.0,59.0,37.0,265.0,7.16,1.0,1.0,1.0,1,,,39.0,76.0,80.0,57.5,,80,,ReecMa00
254,De'Anthony Thomas,KAN,RB,21,12,3.0,0.0,0.0,0.0,0.0,0.0,14.0,113.0,8.07,1.0,31.0,23.0,156.0,6.78,0.0,0.0,0.0,2,,,39.0,61.9,67.9,50.4,,81,,ThomDe05
255,Brent Celek,PHI,TE,29,16,15.0,0.0,0.0,0.0,0.0,0.0,0.0,0.0,,0.0,51.0,32.0,340.0,10.63,1.0,1.0,1.0,1,,,38.0,70.0,74.0,54.0,,34,,CeleBr00
256,Vernon Davis,SFO,TE,30,14,14.0,0.0,0.0,0.0,0.0,0.0,1.0,4.0,4.0,0.0,50.0,26.0,245.0,9.42,2.0,0.0,0.0,2,,,37.0,62.9,65.9,49.9,,35,,DaviVe00
257,Dexter McCluster,TEN,WR,25,14,2.0,0.0,0.0,0.0,0.0,0.0,40.0,131.0,3.28,0.0,36.0,26.0,197.0,7.58,1.0,1.0,1.0,1,,,37.0,62.8,69.8,49.8,,97,,McClDe00
258,Damien Williams,MIA,RB,22,16,0.0,0.0,0.0,0.0,0.0,0.0,36.0,122.0,3.39,0.0,27.0,21.0,187.0,8.9,1.0,0.0,0.0,1,,,37.0,57.9,63.9,47.4,,82,,WillDa05
259,Brandon Gibson,MIA,WR,27,14,5.0,0.0,0.0,0.0,0.0,0.0,0.0,0.0,,0.0,51.0,29.0,295.0,10.17,1.0,2.0,0.0,1,,,36.0,64.5,67.5,50.0,,98,,GibsBr00
260,Jaron Brown,ARI,WR,24,16,2.0,0.0,0.0,0.0,0.0,0.0,0.0,0.0,,0.0,32.0,22.0,229.0,10.41,2.0,1.0,0.0,2,,,35.0,56.9,59.9,45.9,,100,,BrowJa03
261,Travaris Cadet,NOR,RB,25,15,1.0,0.0,0.0,0.0,0.0,0.0,10.0,32.0,3.2,0.0,51.0,38.0,296.0,7.79,1.0,2.0,2.0,1,,,35.0,72.8,77.8,53.8,,83,,CadeTr00
262,Gavin Escobar,DAL,TE,23,16,1.0,0.0,0.0,0.0,0.0,0.0,0.0,0.0,,0.0,13.0,9.0,105.0,11.67,4.0,0.0,0.0,4,,,35.0,43.5,46.5,39.0,,38,,EscoGa00
263,Clay Harbor,JAX,TE,27,13,8.0,0.0,0.0,0.0,0.0,0.0,0.0,0.0,,0.0,35.0,26.0,289.0,11.12,1.0,0.0,0.0,1,,,35.0,60.9,63.9,47.9,,37,,HarbCl00
264,Brandon Lloyd,SFO,WR,33,14,3.0,0.0,0.0,0.0,0.0,0.0,0.0,0.0,,0.0,35.0,14.0,294.0,21.0,1.0,0.0,0.0,1,,,35.0,49.4,52.4,42.4,,99,,LloyBr00
265,Richard Rodgers,GNB,TE,22,16,5.0,0.0,0.0,0.0,0.0,0.0,0.0,0.0,,0.0,30.0,20.0,225.0,11.25,2.0,0.0,0.0,2,,,35.0,54.5,57.5,44.5,,39,,RodgRi00
266,Kyle Rudolph,MIN,TE,25,9,8.0,0.0,0.0,0.0,0.0,0.0,0.0,0.0,,0.0,34.0,24.0,231.0,9.63,2.0,1.0,0.0,2,,,35.0,59.1,62.1,47.1,,36,,RudoKy00
267,Lance Moore,PIT,WR,31,14,2.0,0.0,0.0,0.0,0.0,0.0,0.0,0.0,,0.0,26.0,14.0,198.0,14.14,2.0,0.0,0.0,2,1.0,,34.0,47.8,50.8,40.8,,101,,MoorLa00
268,Levine Toilolo,ATL,TE,23,16,16.0,0.0,0.0,0.0,0.0,0.0,0.0,0.0,,0.0,54.0,31.0,238.0,7.68,2.0,1.0,1.0,2,,,34.0,64.8,68.8,49.3,,40,,ToilLe00
269,Marcedes Lewis,JAX,TE,30,8,8.0,0.0,0.0,0.0,0.0,0.0,0.0,0.0,,0.0,31.0,18.0,206.0,11.44,2.0,0.0,0.0,2,,,33.0,50.6,53.6,41.6,,41,,LewiMa00
270,Paul Richardson,SEA,WR,22,15,6.0,0.0,0.0,0.0,0.0,0.0,0.0,0.0,,0.0,44.0,29.0,271.0,9.34,1.0,1.0,0.0,1,,,33.0,62.1,65.1,47.6,,103,,RichPa01
271,Jeremy Ross,DET,WR,26,16,13.0,0.0,0.0,0.0,0.0,0.0,2.0,-1.0,-0.5,0.0,35.0,24.0,314.0,13.08,1.0,4.0,2.0,1,,,33.0,57.3,62.3,45.3,,102,,RossJe01
272,Fozzy Whittaker,CAR,RB,25,10,1.0,0.0,0.0,0.0,0.0,0.0,32.0,145.0,4.53,1.0,6.0,5.0,60.0,12.0,1.0,0.0,0.0,2,,,33.0,37.5,40.5,35.0,,84,,WhitFo00
273,Lance Dunbar,DAL,RB,24,16,0.0,0.0,0.0,0.0,0.0,0.0,29.0,99.0,3.41,0.0,22.0,18.0,217.0,12.06,0.0,0.0,0.0,0,,,32.0,49.6,52.6,40.6,,85,,DunbLa00
274,Chase Ford,MIN,TE,24,11,5.0,0.0,0.0,0.0,0.0,0.0,0.0,0.0,,0.0,35.0,23.0,258.0,11.22,1.0,0.0,0.0,1,,,32.0,54.8,57.8,43.3,,43,,FordCh00
275,Ricardo Lockette,SEA,WR,28,16,0.0,0.0,0.0,0.0,0.0,0.0,1.0,2.0,2.0,0.0,15.0,11.0,195.0,17.73,2.0,0.0,0.0,2,,,32.0,42.7,45.7,37.2,,104,,LockRi00
276,Austin Seferian-Jenkins,TAM,TE,22,9,9.0,0.0,0.0,0.0,0.0,0.0,0.0,0.0,,0.0,38.0,21.0,221.0,10.52,2.0,1.0,1.0,2,,,32.0,53.1,57.1,42.6,,42,,SefeAu00
277,Leon Washington,TEN,RB,32,16,0.0,0.0,0.0,0.0,0.0,0.0,13.0,57.0,4.38,0.0,31.0,22.0,159.0,7.23,2.0,3.0,1.0,2,,,32.0,53.6,57.6,42.6,,86,,WashLe00
278,Eric Ebron,DET,TE,21,13,7.0,0.0,0.0,0.0,0.0,0.0,0.0,0.0,,0.0,47.0,25.0,248.0,9.92,1.0,0.0,0.0,1,,,31.0,55.8,58.8,43.3,,44,,EbroEr00
279,Derek Hagan,TEN,WR,30,16,3.0,0.0,0.0,0.0,0.0,0.0,0.0,0.0,,0.0,34.0,19.0,254.0,13.37,1.0,0.0,0.0,1,,,31.0,50.4,53.4,40.9,,105,,HagaDe00
280,Cooper Helfet,SEA,TE,25,10,2.0,0.0,0.0,0.0,0.0,0.0,0.0,0.0,,0.0,24.0,12.0,185.0,15.42,2.0,0.0,0.0,2,,,31.0,42.5,45.5,36.5,,45,,HelfCo00
281,Jim Dray,CLE,TE,28,16,8.0,0.0,0.0,0.0,0.0,0.0,0.0,0.0,,0.0,27.0,17.0,242.0,14.24,1.0,0.0,0.0,1,,,30.0,47.2,50.2,38.7,,46,,DrayJi00
282,Josh Gordon,CLE,WR,23,5,5.0,0.0,1.0,0.0,0.0,0.0,0.0,0.0,,0.0,47.0,24.0,303.0,12.63,0.0,0.0,0.0,0,,,30.0,54.3,57.3,42.3,,106,,GordJo02
283,Chad Henne,JAX,QB,29,3,3.0,42.0,78.0,492.0,3.0,1.0,4.0,25.0,6.25,0.0,0.0,0.0,0.0,,0.0,1.0,1.0,0,,,30.0,30.2,35.2,31.2,,44,,HennCh01
284,Bruce Miller,SFO,RB,27,16,8.0,0.0,0.0,0.0,0.0,0.0,6.0,9.0,1.5,0.0,25.0,18.0,189.0,10.5,2.0,1.0,1.0,2,,,30.0,47.8,51.8,38.8,,87,,MillBr02
285,Rhett Ellison,MIN,FB,26,16,13.0,0.0,0.0,0.0,0.0,0.0,0.0,0.0,,0.0,26.0,19.0,208.0,10.95,1.0,0.0,0.0,1,1.0,,29.0,47.8,50.8,38.3,,89,,ElliRh00
286,Bilal Powell,NYJ,RB,26,15,1.0,0.0,0.0,0.0,0.0,0.0,33.0,141.0,4.27,1.0,15.0,11.0,92.0,8.36,0.0,0.0,0.0,1,,,29.0,40.3,43.3,34.8,,88,,PoweBi00
287,Bryce Brown,BUF,RB,23,7,2.0,0.0,0.0,0.0,0.0,0.0,36.0,126.0,3.5,0.0,25.0,16.0,176.0,11.0,0.0,1.0,1.0,0,,,28.0,44.2,51.2,36.2,,90,,BrowBr02
288,Montee Ball,DEN,RB,24,5,3.0,0.0,0.0,0.0,0.0,0.0,55.0,172.0,3.13,1.0,13.0,9.0,62.0,6.89,0.0,1.0,1.0,1,,,27.0,36.4,40.4,31.9,,91,,BallMo00
289,Bruce Ellington,SFO,WR,23,13,0.0,0.0,0.0,0.0,0.0,0.0,6.0,28.0,4.67,1.0,12.0,6.0,62.0,10.33,2.0,1.0,0.0,3,,,27.0,33.0,33.0,30.0,,107,,ElliBr00
290,Kenbrell Thompkins,2TM,WR,26,14,7.0,0.0,0.0,0.0,0.0,0.0,2.0,5.0,2.5,0.0,48.0,21.0,262.0,12.48,0.0,0.0,0.0,0,,,27.0,47.7,50.7,37.2,,108,,ThomKe02
291,Danny Amendola,NWE,WR,29,16,4.0,0.0,0.0,0.0,0.0,0.0,0.0,0.0,,0.0,42.0,27.0,200.0,7.41,1.0,0.0,0.0,1,,,26.0,53.0,56.0,39.5,,109,,AmenDa00
292,Marlon Brown,BAL,WR,23,14,1.0,0.0,0.0,0.0,0.0,0.0,0.0,0.0,,0.0,31.0,24.0,255.0,10.63,0.0,0.0,0.0,0,,,26.0,49.5,52.5,37.5,,113,,BrowMa00
293,Ted Ginn Jr.,ARI,WR,29,16,0.0,1.0,1.0,10.0,0.0,0.0,3.0,6.0,2.0,0.0,26.0,14.0,190.0,13.57,0.0,2.0,0.0,1,,,26.0,40.0,43.0,33.0,,110,,GinnTe00
294,Garrett Graham,HOU,FB,28,11,9.0,0.0,0.0,0.0,0.0,0.0,0.0,0.0,,0.0,28.0,18.0,197.0,10.94,1.0,0.0,0.0,1,,,26.0,43.7,46.7,34.7,,92,,GrahGa00
295,Rishard Matthews,MIA,TE,25,14,0.0,0.0,0.0,0.0,0.0,0.0,1.0,3.0,3.0,0.0,22.0,12.0,135.0,11.25,2.0,1.0,0.0,2,,,26.0,37.8,40.8,31.8,,47,,MattRi00
296,Nick Toon,NOR,WR,26,8,2.0,0.0,0.0,0.0,0.0,0.0,1.0,4.0,4.0,0.0,23.0,17.0,215.0,12.65,1.0,1.0,1.0,1,,,26.0,42.9,46.9,34.4,,112,,ToonNi00
297,Ben Watson,NOR,TE,34,16,8.0,0.0,0.0,0.0,0.0,0.0,0.0,0.0,,0.0,31.0,20.0,136.0,6.8,2.0,0.0,0.0,2,,,26.0,45.6,48.6,35.6,,48,,WatsBe00
298,Kerwynn Williams,ARI,RB,23,5,0.0,0.0,0.0,0.0,0.0,0.0,53.0,246.0,4.64,0.0,6.0,2.0,11.0,5.5,0.0,1.0,0.0,0,,,26.0,27.7,30.7,26.7,,93,,WillKe05
299,Albert Wilson,KAN,WR,22,12,2.0,0.0,0.0,0.0,0.0,0.0,0.0,0.0,,0.0,28.0,16.0,260.0,16.25,0.0,0.0,0.0,0,,,26.0,42.0,45.0,34.0,,111,,WilsAl02
300,Corey Fuller,DET,WR,24,16,2.0,0.0,0.0,0.0,0.0,0.0,0.0,0.0,,0.0,31.0,14.0,212.0,15.14,1.0,1.0,1.0,1,,,25.0,39.2,43.2,32.2,,115,,FullCo00
301,Greg Salas,NYJ,WR,26,10,2.0,0.0,0.0,0.0,0.0,0.0,1.0,20.0,20.0,1.0,23.0,8.0,167.0,20.88,0.0,0.0,0.0,1,,,25.0,32.7,35.7,28.7,,116,,SalaGr00
302,Brandon Tate,CIN,WR,27,16,4.0,0.0,0.0,0.0,0.0,0.0,3.0,21.0,7.0,0.0,26.0,17.0,193.0,11.35,1.0,2.0,1.0,1,,,25.0,42.4,46.4,33.9,,114,,TateBr00
303,Jack Doyle,IND,TE,24,16,1.0,0.0,0.0,0.0,0.0,0.0,0.0,0.0,,0.0,22.0,18.0,118.0,6.56,2.0,0.0,0.0,2,,,24.0,41.8,44.8,32.8,,49,,DoylJa00
304,Jonathan Grimes,HOU,RB,25,16,0.0,0.0,0.0,0.0,0.0,0.0,39.0,153.0,3.92,0.0,8.0,6.0,86.0,14.33,0.0,0.0,0.0,0,,,24.0,29.9,32.9,26.9,,96,,GrimJo01
305,Silas Redd,WAS,RB,22,15,0.0,0.0,0.0,0.0,0.0,0.0,16.0,75.0,4.69,1.0,10.0,8.0,107.0,13.38,0.0,1.0,0.0,1,,,24.0,32.2,35.2,28.2,,95,,ReddSi00
306,DeAngelo Williams,CAR,RB,31,6,6.0,0.0,0.0,0.0,0.0,0.0,62.0,219.0,3.53,0.0,6.0,5.0,44.0,8.8,0.0,1.0,1.0,0,,,24.0,29.3,33.3,26.8,,94,,WillDe02
307,Matt Cassel,MIN,QB,32,3,3.0,41.0,71.0,425.0,3.0,4.0,9.0,18.0,2.0,0.0,0.0,0.0,0.0,,0.0,3.0,0.0,0,,,23.0,22.8,29.8,26.8,,46,,CassMa00
308,Ladarius Green,SDG,WR,24,14,4.0,0.0,0.0,0.0,0.0,0.0,0.0,0.0,,0.0,25.0,19.0,226.0,11.89,0.0,0.0,0.0,0,,,23.0,41.6,44.6,32.1,,117,,GreeLa00
309,Case Keenum,HOU,QB,26,2,2.0,45.0,77.0,435.0,2.0,2.0,10.0,35.0,3.5,0.0,0.0,0.0,0.0,,0.0,1.0,1.0,0,,,23.0,22.9,28.9,24.9,,45,,KeenCa00
310,Ka'Deem Carey,CHI,RB,22,14,0.0,0.0,0.0,0.0,0.0,0.0,36.0,158.0,4.39,0.0,6.0,5.0,57.0,11.4,0.0,0.0,0.0,0,,,22.0,26.5,29.5,24.0,,98,,CareKa00
311,Chris Givens,STL,WR,25,14,0.0,0.0,0.0,0.0,0.0,0.0,1.0,4.0,4.0,0.0,20.0,11.0,159.0,14.45,1.0,0.0,0.0,1,,,22.0,33.3,36.3,27.8,,118,,GiveCh00
312,Ryan Lindley,ARI,QB,25,3,2.0,45.0,93.0,562.0,2.0,4.0,0.0,0.0,,0.0,0.0,0.0,0.0,,0.0,1.0,0.0,0,,,22.0,22.5,29.5,26.5,,47,,LindRy00
313,Knowshon Moreno,MIA,RB,27,3,0.0,0.0,0.0,0.0,0.0,0.0,31.0,148.0,4.77,1.0,1.0,1.0,8.0,8.0,0.0,0.0,0.0,1,,,22.0,22.6,25.6,22.1,,97,,MoreKn00
314,Chris Owusu,2TM,WR,24,8,0.0,0.0,0.0,0.0,0.0,0.0,1.0,23.0,23.0,1.0,6.0,6.0,78.0,13.0,1.0,0.0,0.0,2,,,22.0,28.1,28.1,25.1,,120,,OwusCh00
315,Eric Weems,ATL,WR,29,16,0.0,0.0,0.0,0.0,0.0,0.0,0.0,0.0,,0.0,11.0,10.0,102.0,10.2,2.0,0.0,0.0,2,,,22.0,32.2,35.2,27.2,,119,,WeemEr00
316,Brenton Bersin,CAR,WR,24,15,1.0,0.0,0.0,0.0,0.0,0.0,0.0,0.0,,0.0,20.0,13.0,151.0,11.62,1.0,2.0,0.0,1,,,21.0,34.1,37.1,27.6,,121,,BersBr00
317,Jacob Tamme,DEN,TE,29,15,0.0,0.0,0.0,0.0,0.0,0.0,0.0,0.0,,0.0,28.0,14.0,109.0,7.79,2.0,1.0,1.0,2,,,21.0,34.9,38.9,27.9,,50,,TammJa00
318,Peyton Hillis,NYG,RB,28,9,0.0,0.0,0.0,0.0,0.0,0.0,26.0,115.0,4.42,0.0,16.0,10.0,87.0,8.7,0.0,0.0,0.0,0,,,20.0,30.2,33.2,25.2,,99,,HillPe00
319,Storm Johnson,JAX,RB,22,6,1.0,0.0,0.0,0.0,0.0,0.0,29.0,86.0,2.97,2.0,1.0,1.0,-4.0,-4.0,0.0,0.0,0.0,2,,,20.0,21.2,21.2,20.7,,100,,JohnSt03
320,Kyle Juszczyk,BAL,RB,23,16,14.0,0.0,0.0,0.0,0.0,0.0,0.0,0.0,,0.0,27.0,19.0,182.0,9.58,1.0,2.0,2.0,1,,,20.0,39.2,44.2,29.7,,101,,JuszKy00
321,Ryan Mallett,HOU,QB,26,3,2.0,41.0,75.0,400.0,2.0,2.0,6.0,-2.0,-0.33,0.0,0.0,0.0,0.0,,0.0,0.0,0.0,0,,,20.0,19.8,24.8,21.8,,49,,MallRy00
322,Adam Thielen,MIN,WR,24,16,2.0,0.0,0.0,0.0,0.0,0.0,0.0,0.0,,0.0,13.0,8.0,137.0,17.13,1.0,0.0,0.0,1,,,20.0,27.7,30.7,23.7,,124,,ThieAd00
323,Brandon Weeden,DAL,QB,31,5,1.0,24.0,41.0,303.0,3.0,2.0,6.0,-1.0,-0.17,0.0,0.0,0.0,0.0,,0.0,1.0,0.0,0,,,20.0,20.0,25.0,22.0,,48,,WeedBr00
324,Mike Williams,BUF,WR,27,9,0.0,0.0,0.0,0.0,0.0,0.0,0.0,0.0,,0.0,19.0,8.0,142.0,17.75,1.0,0.0,0.0,1,,,20.0,28.2,31.2,24.2,,122,,WillMi04
325,Marquess Wilson,CHI,WR,22,7,6.0,0.0,0.0,0.0,0.0,0.0,0.0,0.0,,0.0,32.0,17.0,140.0,8.24,1.0,0.0,0.0,1,,,20.0,37.0,40.0,28.5,,123,,WilsMa02
326,Joe McKnight,KAN,RB,26,2,0.0,0.0,0.0,0.0,0.0,0.0,1.0,3.0,3.0,0.0,7.0,6.0,64.0,10.67,2.0,0.0,0.0,2,,,19.0,24.7,24.7,21.7,,102,,McKnJo00
327,Christine Michael,SEA,RB,24,10,0.0,0.0,0.0,0.0,0.0,0.0,34.0,175.0,5.15,0.0,2.0,1.0,12.0,12.0,0.0,1.0,0.0,0,,,19.0,19.7,22.7,19.2,,103,,MichCh00
328,Tony Moeaki,SEA,TE,27,6,2.0,0.0,0.0,0.0,0.0,0.0,0.0,0.0,,0.0,13.0,8.0,134.0,16.75,1.0,0.0,0.0,1,,,19.0,27.4,30.4,23.4,,51,,MoeaTo00
329,Brandon Myers,TAM,TE,29,14,6.0,0.0,0.0,0.0,0.0,0.0,0.0,0.0,,0.0,32.0,22.0,190.0,8.64,0.0,0.0,0.0,0,,,19.0,41.0,44.0,30.0,,52,,MyerBr00
330,James Casey,PHI,TE,30,16,2.0,0.0,0.0,0.0,0.0,0.0,0.0,0.0,,0.0,3.0,3.0,59.0,19.67,2.0,0.0,0.0,2,,,18.0,20.9,20.9,19.4,,54,,CaseJa00
331,Ed Dickson,CAR,TE,27,16,10.0,0.0,0.0,0.0,0.0,0.0,0.0,0.0,,0.0,17.0,10.0,115.0,11.5,1.0,1.0,0.0,1,,,18.0,27.5,30.5,22.5,,55,,DickEd00
332,Crockett Gillmore,BAL,TE,23,15,1.0,0.0,0.0,0.0,0.0,0.0,0.0,0.0,,0.0,15.0,10.0,121.0,12.1,1.0,0.0,0.0,1,,,18.0,28.1,31.1,23.1,,53,,GillCr00
333,Austin Pettis,2TM,WR,26,9,0.0,0.0,0.0,0.0,0.0,0.0,0.0,0.0,,0.0,17.0,12.0,118.0,9.83,1.0,0.0,0.0,1,,,18.0,29.8,32.8,23.8,,125,,PettAu00
334,Austin Pettis,SDG,WR,26,4,,0.0,0.0,0.0,0.0,0.0,0.0,0.0,,0.0,,0.0,0.0,,0.0,0.0,,0,,,18.0,,,,,125,,PettAu00
335,Maurice Jones-Drew,OAK,RB,29,12,1.0,0.0,0.0,0.0,0.0,0.0,43.0,96.0,2.23,0.0,16.0,11.0,71.0,6.45,0.0,1.0,0.0,0,,,17.0,27.7,27.7,22.2,,106,,DrewMa00
336,Matt Hasselbeck,IND,QB,39,4,0.0,30.0,44.0,301.0,2.0,0.0,8.0,-11.0,-1.38,0.0,0.0,0.0,0.0,,0.0,1.0,1.0,0,,,17.0,16.9,20.9,16.9,,50,,HassMa00
337,Jacoby Jones,BAL,WR,30,16,0.0,0.0,0.0,0.0,0.0,0.0,3.0,16.0,5.33,0.0,18.0,9.0,131.0,14.56,0.0,4.0,2.0,1,,,17.0,25.7,30.7,21.2,,126,,JoneJa03
338,John Kuhn,GNB,FB,32,16,2.0,0.0,0.0,0.0,0.0,0.0,24.0,85.0,3.54,1.0,4.0,4.0,23.0,5.75,0.0,0.0,0.0,1,,,17.0,20.8,20.8,18.8,,105,,KuhnJo00
339,Mike Tolbert,CAR,RB,29,8,6.0,0.0,0.0,0.0,0.0,0.0,37.0,78.0,2.11,0.0,17.0,12.0,93.0,7.75,0.0,0.0,0.0,0,,,17.0,29.1,29.1,23.1,,104,,TolbMi00
340,Donnie Avery,KAN,WR,30,6,3.0,0.0,0.0,0.0,0.0,0.0,0.0,0.0,,0.0,26.0,15.0,176.0,11.73,0.0,1.0,1.0,0,,,16.0,30.6,34.6,23.1,,131,,AverDo00
341,Gary Barnidge,CLE,TE,29,13,2.0,0.0,0.0,0.0,0.0,0.0,0.0,0.0,,0.0,25.0,13.0,156.0,12.0,0.0,0.0,0.0,0,,,16.0,28.6,31.6,22.1,,56,,BarnGa01
342,Brandon Bolden,NWE,RB,24,16,2.0,0.0,0.0,0.0,0.0,0.0,28.0,89.0,3.18,1.0,6.0,2.0,8.0,4.0,0.0,0.0,0.0,1,,,16.0,17.7,17.7,16.7,,107,,BoldBr00
343,Michael Campanaro,BAL,WR,23,4,0.0,0.0,0.0,0.0,0.0,0.0,0.0,0.0,,0.0,9.0,7.0,102.0,14.57,1.0,0.0,0.0,1,,,16.0,23.2,26.2,19.7,,127,,CampMi02
344,Jimmy Clausen,CHI,QB,27,4,1.0,26.0,48.0,223.0,2.0,1.0,3.0,9.0,3.0,0.0,0.0,0.0,0.0,,0.0,0.0,0.0,0,,,16.0,15.8,16.8,16.8,,51,,ClauJi00
345,Dontrelle Inman,SDG,WR,25,7,0.0,0.0,0.0,0.0,0.0,0.0,0.0,0.0,,0.0,17.0,12.0,158.0,13.17,0.0,0.0,0.0,0,,,16.0,27.8,30.8,21.8,,130,,InmaDo00
346,Josh Morgan,CHI,WR,29,14,7.0,0.0,0.0,0.0,0.0,0.0,2.0,30.0,15.0,0.0,19.0,10.0,70.0,7.0,1.0,0.0,0.0,1,,,16.0,26.0,26.0,21.0,,128,,MorgJo00
347,Joe Morgan,NOR,WR,26,5,2.0,0.0,0.0,0.0,0.0,0.0,1.0,67.0,67.0,0.0,10.0,4.0,92.0,23.0,0.0,0.0,0.0,0,,,16.0,19.9,19.9,17.9,,129,,MorgJo01
348,Joe Banyard,MIN,RB,26,15,0.0,0.0,0.0,0.0,0.0,0.0,21.0,88.0,4.19,0.0,11.0,9.0,62.0,6.89,0.0,0.0,0.0,0,,,15.0,24.0,24.0,19.5,,109,,BanyJo00
349,Joseph Fauria,DET,TE,24,7,0.0,0.0,0.0,0.0,0.0,0.0,0.0,0.0,,0.0,12.0,6.0,74.0,12.33,1.0,0.0,0.0,1,1.0,,15.0,21.4,21.4,18.4,,57,,FaurJo00
350,T.J. Graham,NYJ,WR,25,12,0.0,0.0,0.0,0.0,0.0,0.0,0.0,0.0,,0.0,8.0,3.0,87.0,29.0,1.0,0.0,0.0,1,,,15.0,17.7,17.7,16.2,,132,,GrahT.00
351,Ryan Griffin,HOU,TE,24,16,2.0,0.0,0.0,0.0,0.0,0.0,0.0,0.0,,0.0,16.0,10.0,91.0,9.1,1.0,0.0,0.0,1,,,15.0,25.1,25.1,20.1,,58,,GrifRy00
352,Josh Huff,PHI,WR,23,12,0.0,0.0,0.0,0.0,0.0,0.0,1.0,7.0,7.0,0.0,18.0,8.0,98.0,12.25,0.0,1.0,1.0,1,,,15.0,22.5,23.5,18.5,,133,,HuffJo00
353,Robert Hughes,ARI,RB,25,16,4.0,0.0,0.0,0.0,0.0,0.0,7.0,11.0,1.57,0.0,12.0,8.0,140.0,17.5,0.0,0.0,0.0,0,,,15.0,23.1,26.1,19.1,,108,,HughRo00
354,Zurlon Tipton,IND,RB,24,6,0.0,0.0,0.0,0.0,0.0,0.0,10.0,18.0,1.8,0.0,6.0,6.0,68.0,11.33,1.0,0.0,0.0,1,,,15.0,20.6,20.6,17.6,,110,,TiptZu01
355,Rex Burkhead,CIN,RB,24,9,0.0,0.0,0.0,0.0,0.0,0.0,9.0,27.0,3.0,1.0,10.0,7.0,49.0,7.0,0.0,0.0,0.0,1,,,14.0,20.6,20.6,17.1,,113,,BurkRe00
356,Virgil Green,DEN,TE,26,13,9.0,0.0,0.0,0.0,0.0,0.0,2.0,3.0,1.5,0.0,6.0,6.0,74.0,12.33,1.0,0.0,0.0,1,,,14.0,19.7,19.7,16.7,,59,,GreeVi00
357,Cory Harkey,STL,RB,24,16,13.0,0.0,0.0,0.0,0.0,0.0,0.0,0.0,,0.0,11.0,8.0,55.0,6.88,1.0,0.0,0.0,1,1.0,,14.0,21.5,21.5,17.5,,114,,HarkCo00
358,Jamize Olawale,OAK,FB,25,16,0.0,0.0,0.0,0.0,0.0,0.0,2.0,0.0,0.0,0.0,6.0,5.0,18.0,3.6,2.0,0.0,0.0,2,,,14.0,18.8,18.8,16.3,,112,,OlawJa00
359,Anthony Sherman,KAN,RB,26,16,6.0,0.0,0.0,0.0,0.0,0.0,2.0,8.0,4.0,0.0,14.0,10.0,71.0,7.1,1.0,0.0,0.0,1,,,14.0,23.9,23.9,18.9,,111,,SherAn00
360,Rod Streater,OAK,WR,26,3,3.0,0.0,0.0,0.0,0.0,0.0,0.0,0.0,,0.0,13.0,9.0,84.0,9.33,1.0,0.0,0.0,1,,,14.0,23.4,23.4,18.9,,134,,StreRo00
361,Brian Tyms,NWE,WR,25,11,2.0,0.0,0.0,0.0,0.0,0.0,0.0,0.0,,0.0,11.0,5.0,82.0,16.4,1.0,0.0,0.0,1,,,14.0,19.2,19.2,16.7,,135,,TymsBr00
362,Orleans Darkwa,2TM,RB,22,11,0.0,0.0,0.0,0.0,0.0,0.0,9.0,23.0,2.56,1.0,6.0,5.0,48.0,9.6,0.0,0.0,0.0,1,,,13.0,18.1,18.1,15.6,,115,,DarkOr00
363,MarQueis Gray,2TM,TE,25,13,5.0,0.0,0.0,0.0,0.0,0.0,0.0,0.0,,0.0,11.0,9.0,134.0,14.89,0.0,0.0,0.0,0,,,13.0,22.4,25.4,17.9,,60,,GrayMa00
364,Marion Grice,ARI,RB,23,10,0.0,0.0,1.0,0.0,0.0,0.0,15.0,41.0,2.73,1.0,11.0,7.0,29.0,4.14,0.0,0.0,0.0,1,,,13.0,20.0,20.0,16.5,,116,,GricMa00
365,Rob Housler,ARI,TE,26,15,7.0,0.0,0.0,0.0,0.0,0.0,1.0,1.0,1.0,0.0,17.0,9.0,129.0,14.33,0.0,1.0,0.0,0,,,13.0,22.0,25.0,17.5,,61,,HousRo01
366,Dennis Pitta,BAL,TE,29,3,3.0,0.0,0.0,0.0,0.0,0.0,0.0,0.0,,0.0,21.0,16.0,125.0,7.81,0.0,0.0,0.0,0,,,13.0,28.5,31.5,20.5,,63,,PittDe00
367,Matt Spaeth,PIT,TE,31,15,8.0,0.0,0.0,0.0,0.0,0.0,0.0,0.0,,0.0,4.0,3.0,46.0,15.33,1.0,0.0,0.0,1,1.0,,13.0,15.6,15.6,14.1,,62,,SpaeMa00
368,Vincent Brown,OAK,WR,25,7,0.0,0.0,0.0,0.0,0.0,0.0,0.0,0.0,,0.0,21.0,12.0,118.0,9.83,0.0,0.0,0.0,0,,,12.0,23.8,26.8,17.8,,137,,BrowVi00
369,Chase Coffman,TEN,TE,28,13,3.0,0.0,0.0,0.0,0.0,0.0,0.0,0.0,,0.0,14.0,6.0,64.0,10.67,1.0,0.0,0.0,1,,,12.0,18.4,18.4,15.4,,64,,CoffCh00
370,Jed Collins,DET,RB,28,16,2.0,0.0,0.0,0.0,0.0,0.0,8.0,19.0,2.38,0.0,6.0,5.0,39.0,7.8,1.0,0.0,0.0,1,,,12.0,16.8,16.8,14.3,,119,,CollJe01
371,John Conner,NYJ,RB,27,12,3.0,0.0,0.0,0.0,0.0,0.0,6.0,20.0,3.33,0.0,3.0,2.0,35.0,17.5,1.0,0.0,0.0,1,,,12.0,13.5,13.5,12.5,,120,,ConnJo00
372,Patrick DiMarco,ATL,RB,25,16,7.0,0.0,0.0,0.0,0.0,0.0,0.0,0.0,,0.0,14.0,9.0,62.0,6.89,1.0,0.0,0.0,1,,,12.0,21.2,21.2,16.7,,117,,DiMaPa00
373,Jonathan Dwyer,ARI,RB,25,2,0.0,0.0,0.0,0.0,0.0,0.0,16.0,51.0,3.19,1.0,3.0,2.0,8.0,4.0,0.0,0.0,0.0,1,,,12.0,13.9,13.9,12.9,,118,,DwyeJo00
374,Jimmy Garoppolo,NWE,QB,23,6,0.0,19.0,27.0,182.0,1.0,0.0,10.0,9.0,0.9,0.0,0.0,0.0,0.0,,0.0,0.0,0.0,0,,,12.0,12.2,12.2,12.2,,53,,GaroJi00
375,Robert Herron,TAM,WR,22,8,0.0,0.0,0.0,0.0,0.0,0.0,1.0,0.0,0.0,0.0,12.0,6.0,58.0,9.67,1.0,0.0,0.0,1,,,12.0,17.8,17.8,14.8,,138,,HerrRo00
376,Johnny Manziel,CLE,QB,22,5,2.0,18.0,35.0,175.0,0.0,2.0,9.0,29.0,3.22,1.0,0.0,0.0,0.0,,0.0,1.0,0.0,1,,,12.0,11.9,13.9,13.9,,54,,ManzJo00
377,Santana Moss,WAS,WR,35,10,0.0,0.0,0.0,0.0,0.0,0.0,0.0,0.0,,0.0,15.0,10.0,116.0,11.6,0.0,0.0,0.0,0,,,12.0,21.6,24.6,16.6,,139,,MossSa00
378,Logan Paulsen,WAS,TE,27,16,12.0,0.0,0.0,0.0,0.0,0.0,0.0,0.0,,0.0,16.0,13.0,78.0,6.0,1.0,1.0,1.0,1,,,12.0,24.8,25.8,18.3,,65,,PaulLo00
379,Christian Ponder,MIN,QB,26,2,1.0,22.0,44.0,222.0,0.0,2.0,4.0,16.0,4.0,1.0,0.0,0.0,0.0,,0.0,0.0,0.0,1,,,12.0,12.5,14.5,14.5,,52,,PondCh00
380,Dante Rosario,CHI,TE,30,16,3.0,0.0,0.0,0.0,0.0,0.0,0.0,0.0,,0.0,22.0,16.0,116.0,7.25,0.0,1.0,1.0,0,1.0,,12.0,27.6,31.6,19.6,,66,,RosaDa00
381,James Wright,CIN,WR,23,11,0.0,0.0,0.0,0.0,0.0,0.0,3.0,30.0,10.0,0.0,16.0,5.0,91.0,18.2,0.0,0.0,0.0,0,,,12.0,17.1,17.1,14.6,,136,,WrigJa03
382,Ronnie Brown,2TM,RB,33,10,0.0,0.0,0.0,0.0,0.0,0.0,20.0,63.0,3.15,0.0,8.0,5.0,44.0,8.8,0.0,0.0,0.0,0,,,11.0,15.7,15.7,13.2,,123,,BrowRo05
383,Derek Carrier,SFO,TE,24,11,1.0,0.0,0.0,0.0,0.0,0.0,1.0,2.0,2.0,0.0,14.0,9.0,105.0,11.67,0.0,1.0,0.0,0,,,11.0,19.7,22.7,15.2,,68,,CarrDe00
384,Chris Gragg,BUF,TE,24,10,5.0,0.0,0.0,0.0,0.0,0.0,0.0,0.0,,0.0,10.0,7.0,48.0,6.86,1.0,0.0,0.0,1,,,11.0,17.8,17.8,14.3,,67,,GragCh00
385,Junior Hemingway,KAN,WR,26,14,1.0,0.0,0.0,0.0,0.0,0.0,0.0,0.0,,0.0,22.0,12.0,108.0,9.0,0.0,0.0,0.0,0,,,11.0,22.8,25.8,16.8,,142,,HemiJu00
386,Robert Meachem,NOR,WR,30,11,2.0,0.0,0.0,0.0,0.0,0.0,0.0,0.0,,0.0,20.0,7.0,114.0,16.29,0.0,0.0,0.0,0,,,11.0,18.4,21.4,14.9,,140,,MeacRo00
387,Chris Ogbonnaya,2TM,RB,28,7,0.0,0.0,0.0,0.0,0.0,0.0,14.0,50.0,3.57,1.0,1.0,0.0,0.0,,0.0,0.0,0.0,1,,,11.0,11.0,11.0,11.0,,121,,OgboCh00
388,Darrin Reaves,CAR,RB,21,6,1.0,0.0,0.0,0.0,0.0,0.0,31.0,78.0,2.52,0.0,8.0,5.0,31.0,6.2,0.0,0.0,0.0,0,,,11.0,15.9,15.9,13.4,,122,,ReavDa00
389,Corey Washington,NYG,WR,23,14,0.0,0.0,0.0,0.0,0.0,0.0,0.0,0.0,,0.0,8.0,5.0,52.0,10.4,1.0,0.0,0.0,1,,,11.0,16.2,16.2,13.7,,141,,WashCo01
390,Jackie Battle,TEN,RB,31,16,1.0,0.0,0.0,0.0,0.0,0.0,5.0,9.0,1.8,1.0,5.0,5.0,28.0,5.6,0.0,0.0,0.0,1,,,10.0,14.7,14.7,12.2,,125,,BattJa00
391,Austin Johnson,NOR,RB,25,7,1.0,0.0,0.0,0.0,0.0,0.0,8.0,22.0,2.75,0.0,2.0,2.0,15.0,7.5,1.0,0.0,0.0,1,,,10.0,11.7,11.7,10.7,,126,,JohnAu00
392,Brian Leonhardt,OAK,TE,24,12,3.0,0.0,0.0,0.0,0.0,0.0,0.0,0.0,,0.0,8.0,6.0,35.0,5.83,1.0,0.0,0.0,1,,,10.0,15.5,15.5,12.5,,69,,LeonBr01
393,Denarius Moore,OAK,WR,26,10,2.0,0.0,0.0,0.0,0.0,0.0,1.0,1.0,1.0,0.0,27.0,12.0,115.0,9.58,0.0,1.0,1.0,0,,,10.0,21.6,25.6,15.6,,145,,MoorDe02
394,Kevin Norwood,SEA,WR,25,9,2.0,0.0,0.0,0.0,0.0,0.0,0.0,0.0,,0.0,10.0,9.0,102.0,11.33,0.0,0.0,0.0,0,,,10.0,19.2,22.2,14.7,,143,,NorwKe00
395,Lee Smith,BUF,WR,27,14,10.0,0.0,0.0,0.0,0.0,0.0,0.0,0.0,,0.0,8.0,7.0,42.0,6.0,1.0,0.0,0.0,1,,,10.0,17.2,17.2,13.7,,144,,SmitLe00
396,Chris Thompson,WAS,RB,24,2,0.0,0.0,0.0,0.0,0.0,0.0,3.0,12.0,4.0,0.0,7.0,6.0,27.0,4.5,1.0,0.0,0.0,1,,,10.0,15.9,15.9,12.9,,124,,ThomCh03
397,Derrick Coleman,SEA,RB,24,5,1.0,0.0,0.0,0.0,0.0,0.0,0.0,0.0,,0.0,2.0,2.0,29.0,14.5,1.0,0.0,0.0,1,,,9.0,10.9,10.9,9.9,,129,,ColeDe00
398,Jerome Felton,MIN,FB,28,16,3.0,0.0,0.0,0.0,0.0,0.0,4.0,27.0,6.75,0.0,2.0,0.0,0.0,,0.0,0.0,0.0,1,,,9.0,8.7,8.7,8.7,,130,,FeltJe00
399,C.J. Fiedorowicz,HOU,TE,23,15,8.0,0.0,0.0,0.0,0.0,0.0,0.0,0.0,,0.0,7.0,4.0,28.0,7.0,1.0,0.0,0.0,1,,,9.0,12.8,12.8,10.8,,70,,FiedC.00
400,Cyrus Gray,KAN,RB,25,9,0.0,0.0,0.0,0.0,0.0,0.0,8.0,31.0,3.88,1.0,0.0,0.0,0.0,,0.0,0.0,0.0,1,,,9.0,9.1,9.1,9.1,,128,,GrayCy00
401,Ryan Hewitt,CIN,TE,23,16,11.0,0.0,0.0,0.0,0.0,0.0,1.0,0.0,0.0,0.0,15.0,10.0,86.0,8.6,0.0,0.0,0.0,0,,,9.0,18.6,18.6,13.6,,71,,HewiRy00
402,A.J. Jenkins,KAN,WR,25,9,2.0,0.0,0.0,0.0,0.0,0.0,2.0,-2.0,-1.0,0.0,15.0,9.0,93.0,10.33,0.0,1.0,0.0,0,,,9.0,18.1,18.1,13.6,,146,,JenkA.00
403,Adrian Peterson,MIN,RB,29,1,1.0,0.0,0.0,0.0,0.0,0.0,21.0,75.0,3.57,0.0,3.0,2.0,18.0,9.0,0.0,0.0,0.0,0,,,9.0,11.3,11.3,10.3,,127,,PeteAd01
404,Zach Sudfeld,NYJ,TE,25,16,3.0,0.0,0.0,0.0,0.0,0.0,0.0,0.0,,0.0,7.0,5.0,85.0,17.0,0.0,0.0,0.0,0,,,9.0,13.5,13.5,11.0,,72,,SudfZa00
405,Frank Summers,BUF,RB,29,10,6.0,0.0,0.0,0.0,0.0,0.0,6.0,17.0,2.83,1.0,8.0,5.0,9.0,1.8,0.0,0.0,0.0,1,,,9.0,13.6,13.6,11.1,,131,,SummFr00
406,Chase Daniel,KAN,QB,28,3,1.0,16.0,28.0,157.0,0.0,0.0,4.0,15.0,3.75,0.0,0.0,0.0,0.0,,0.0,0.0,0.0,0,,,8.0,7.8,7.8,7.8,,55,,DaniCh00
407,DuJuan Harris,GNB,RB,26,15,0.0,0.0,0.0,0.0,0.0,0.0,16.0,64.0,4.0,0.0,2.0,1.0,11.0,11.0,0.0,0.0,0.0,0,,,8.0,8.5,8.5,8.0,,133,,HarrDu01
408,Dwayne Harris,DAL,WR,27,16,0.0,0.0,0.0,0.0,0.0,0.0,4.0,7.0,1.75,0.0,12.0,7.0,116.0,16.57,0.0,4.0,2.0,0,,,8.0,15.3,20.3,11.8,,148,,HarrDw00
409,Nic Jacobs,JAX,TE,23,13,4.0,0.0,0.0,0.0,0.0,0.0,0.0,0.0,,0.0,3.0,2.0,16.0,8.0,1.0,0.0,0.0,1,,,8.0,9.6,9.6,8.6,,73,,JacoNi00
410,Keshawn Martin,HOU,WR,24,16,0.0,0.0,0.0,0.0,0.0,0.0,0.0,0.0,,0.0,12.0,6.0,78.0,13.0,0.0,0.0,0.0,0,,,8.0,13.8,13.8,10.8,,149,,MartKe01
411,Zach Miller,SEA,TE,29,3,3.0,0.0,0.0,0.0,0.0,0.0,0.0,0.0,,0.0,7.0,6.0,76.0,12.67,0.0,0.0,0.0,0,,,8.0,13.6,13.6,10.6,,74,,MillZa01
412,Dane Sanzenbacher,CIN,WR,26,10,1.0,0.0,0.0,0.0,0.0,0.0,1.0,-1.0,-1.0,0.0,15.0,9.0,105.0,11.67,0.0,1.0,1.0,0,,,8.0,17.4,21.4,12.9,,147,,SanzDa00
413,Will Ta'ufo'ou,JAX,RB,28,16,4.0,0.0,0.0,0.0,0.0,0.0,0.0,0.0,,0.0,8.0,7.0,81.0,11.57,0.0,0.0,0.0,0,,,8.0,15.1,15.1,11.6,,132,,TaufWi00
414,Justin Brown,PIT,WR,23,8,1.0,0.0,0.0,0.0,0.0,0.0,0.0,0.0,,0.0,21.0,12.0,94.0,7.83,0.0,1.0,1.0,0,,,7.0,19.4,20.4,13.4,,150,,BrowJu00
415,Mike Brown,JAX,WR,25,5,1.0,0.0,0.0,0.0,0.0,0.0,0.0,0.0,,0.0,15.0,7.0,88.0,12.57,0.0,1.0,1.0,0,,,7.0,13.8,14.8,10.3,,152,,BrowMi00
416,Darren Fells,ARI,TE,28,10,5.0,0.0,0.0,0.0,0.0,0.0,0.0,0.0,,0.0,12.0,5.0,71.0,14.2,0.0,0.0,0.0,0,,,7.0,12.1,12.1,9.6,,76,,FellDa01
417,Ryan Grant,WAS,WR,24,16,2.0,0.0,0.0,0.0,0.0,0.0,0.0,0.0,,0.0,15.0,7.0,68.0,9.71,0.0,0.0,0.0,0,,,7.0,13.8,13.8,10.3,,153,,GranRy01
418,Santonio Holmes,CHI,WR,30,9,2.0,0.0,0.0,0.0,0.0,0.0,0.0,0.0,,0.0,14.0,8.0,67.0,8.38,0.0,1.0,0.0,0,,,7.0,14.7,14.7,10.7,,154,,HolmSa00
419,Greg Little,CIN,WR,25,6,1.0,0.0,0.0,0.0,0.0,0.0,0.0,0.0,,0.0,12.0,6.0,69.0,11.5,0.0,0.0,0.0,0,,,7.0,12.9,12.9,9.9,,151,,LittGr00
420,Erik Lorig,NOR,RB,28,10,6.0,0.0,0.0,0.0,0.0,0.0,3.0,4.0,1.33,0.0,10.0,9.0,27.0,3.0,1.0,1.0,1.0,1,,,7.0,16.1,17.1,11.6,,136,,LoriEr99
421,David Nelson,NYJ,WR,28,6,5.0,0.0,0.0,0.0,0.0,0.0,0.0,0.0,,0.0,16.0,8.0,65.0,8.13,0.0,2.0,0.0,0,,,7.0,14.5,14.5,10.5,,155,,NelsDa01
422,Cedric Peerman,CIN,RB,28,16,0.0,0.0,0.0,0.0,0.0,0.0,15.0,43.0,2.87,0.0,5.0,3.0,27.0,9.0,0.0,1.0,0.0,0,,,7.0,10.0,10.0,8.5,,137,,PeerCe00
423,Brandon Pettigrew,DET,TE,29,14,9.0,0.0,0.0,0.0,0.0,0.0,0.0,0.0,,0.0,15.0,10.0,70.0,7.0,0.0,0.0,0.0,0,,,7.0,17.0,17.0,12.0,,77,,PettBr00
424,Logan Thomas,ARI,TE,23,2,0.0,1.0,9.0,81.0,1.0,0.0,0.0,0.0,,0.0,0.0,0.0,0.0,,0.0,0.0,0.0,0,,,7.0,7.2,7.2,7.2,,75,,ThomLo00
425,George Winn,DET,RB,24,12,0.0,0.0,0.0,0.0,0.0,0.0,19.0,73.0,3.84,0.0,3.0,0.0,0.0,,0.0,0.0,0.0,0,,,7.0,7.3,7.3,7.3,,134,,WinnGe00
426,Danny Woodhead,SDG,RB,29,3,0.0,0.0,0.0,0.0,0.0,0.0,15.0,38.0,2.53,0.0,6.0,5.0,34.0,6.8,0.0,0.0,0.0,0,,,7.0,12.2,12.2,9.7,,135,,WoodDa02
427,Dri Archer,PIT,WR,23,12,0.0,0.0,0.0,0.0,0.0,0.0,10.0,40.0,4.0,0.0,10.0,7.0,23.0,3.29,0.0,0.0,0.0,0,,,6.0,13.3,13.3,9.8,,156,,ArchDr00
428,Brandon Bostick,GNB,TE,25,13,0.0,0.0,0.0,0.0,0.0,0.0,0.0,0.0,,0.0,4.0,2.0,3.0,1.5,1.0,0.0,0.0,1,,,6.0,8.3,8.3,7.3,,78,,BostBr00
429,Blaine Gabbert,SFO,QB,25,1,0.0,3.0,7.0,38.0,1.0,0.0,1.0,5.0,5.0,0.0,0.0,0.0,0.0,,0.0,0.0,0.0,0,,,6.0,6.0,6.0,6.0,,57,,GabbBl00
430,Jorvorskie Lane,TAM,TE,27,9,4.0,0.0,0.0,0.0,0.0,0.0,3.0,58.0,19.33,0.0,1.0,1.0,3.0,3.0,0.0,0.0,0.0,0,,,6.0,7.1,7.1,6.6,,80,,LaneJo00
431,Brock Osweiler,DEN,QB,24,4,0.0,4.0,10.0,52.0,1.0,0.0,8.0,0.0,0.0,0.0,0.0,0.0,0.0,,0.0,0.0,0.0,0,,,6.0,6.1,6.1,6.1,,56,,OsweBr00
432,Michael Palmer,PIT,TE,26,15,1.0,0.0,0.0,0.0,0.0,0.0,0.0,0.0,,0.0,2.0,1.0,1.0,1.0,1.0,0.0,0.0,1,,,6.0,7.1,7.1,6.6,,81,,PalmMi00
433,Bear Pascoe,ATL,TE,28,16,2.0,0.0,0.0,0.0,0.0,0.0,0.0,0.0,,0.0,2.0,2.0,3.0,1.5,1.0,0.0,0.0,1,,,6.0,8.3,8.3,7.3,,79,,PascBe00
434,John Phillips,SDG,TE,27,16,1.0,0.0,0.0,0.0,0.0,0.0,0.0,0.0,,0.0,1.0,1.0,1.0,1.0,1.0,0.0,0.0,1,,,6.0,7.1,7.1,6.6,,82,,PhilJo00
435,Russell Shepard,TAM,WR,24,16,0.0,0.0,0.0,0.0,0.0,0.0,0.0,0.0,,0.0,8.0,4.0,63.0,15.75,0.0,0.0,0.0,0,,,6.0,10.3,10.3,8.3,,157,,ShepRu00
436,Bryan Walters,SEA,WR,27,13,0.0,0.0,0.0,0.0,0.0,0.0,1.0,-2.0,-2.0,0.0,11.0,6.0,57.0,9.5,0.0,0.0,0.0,0,,,6.0,11.5,11.5,8.5,,158,,WaltBr00
437,James White,NWE,RB,22,3,0.0,0.0,0.0,0.0,0.0,0.0,9.0,38.0,4.22,0.0,5.0,5.0,23.0,4.6,0.0,0.0,0.0,0,,,6.0,11.1,11.1,8.6,,138,,WhitJa02
438,Seyi Ajirotutu,SDG,WR,27,16,1.0,0.0,0.0,0.0,0.0,0.0,0.0,0.0,,0.0,12.0,4.0,45.0,11.25,0.0,0.0,0.0,0,,,5.0,8.5,8.5,6.5,,165,,AjirSe00
439,Andre Caldwell,DEN,WR,29,16,2.0,0.0,0.0,0.0,0.0,0.0,0.0,0.0,,0.0,15.0,5.0,47.0,9.4,0.0,0.0,0.0,0,,,5.0,9.7,9.7,7.2,,163,,CaldAn00
440,Garrett Celek,SFO,TE,26,3,1.0,0.0,0.0,0.0,0.0,0.0,0.0,0.0,,0.0,2.0,2.0,53.0,26.5,0.0,0.0,0.0,0,,,5.0,7.3,7.3,6.3,,83,,CeleGa00
441,James Develin,NWE,TE,26,16,4.0,0.0,0.0,0.0,0.0,0.0,3.0,5.0,1.67,0.0,8.0,6.0,43.0,7.17,0.0,1.0,0.0,0,,,5.0,10.8,10.8,7.8,,84,,DeveJa00
442,Kris Durham,TEN,WR,26,4,0.0,0.0,0.0,0.0,0.0,0.0,0.0,0.0,,0.0,11.0,6.0,54.0,9.0,0.0,0.0,0.0,0,,,5.0,11.4,11.4,8.4,,159,,DurhKr00
443,Marquise Goodwin,BUF,WR,24,10,0.0,0.0,0.0,0.0,0.0,0.0,3.0,8.0,2.67,0.0,9.0,1.0,42.0,42.0,0.0,1.0,0.0,0,,,5.0,6.0,6.0,5.5,,161,,GoodMa00
444,Frankie Hammond,KAN,WR,24,16,3.0,0.0,0.0,0.0,0.0,0.0,0.0,0.0,,0.0,11.0,4.0,45.0,11.25,0.0,0.0,0.0,0,,,5.0,8.5,8.5,6.5,,166,,HammFr00
445,James Hanna,DAL,TE,25,16,12.0,0.0,0.0,0.0,0.0,0.0,0.0,0.0,,0.0,6.0,4.0,48.0,12.0,0.0,0.0,0.0,0,,,5.0,8.8,8.8,6.8,,85,,HannJa00
446,Jeff Maehl,PHI,WR,25,8,0.0,0.0,0.0,0.0,0.0,0.0,0.0,0.0,,0.0,5.0,5.0,46.0,9.2,0.0,0.0,0.0,0,,,5.0,9.6,9.6,7.1,,164,,MaehJe00
447,Matt McGloin,OAK,QB,25,1,0.0,12.0,19.0,129.0,1.0,2.0,2.0,3.0,1.5,0.0,0.0,0.0,0.0,,0.0,0.0,0.0,0,,,5.0,5.5,7.5,7.5,,58,,McGlMa01
448,Kevin Ogletree,NYG,WR,27,7,0.0,0.0,0.0,0.0,0.0,0.0,0.0,0.0,,0.0,9.0,5.0,50.0,10.0,0.0,0.0,0.0,0,,,5.0,10.0,10.0,7.5,,162,,OgleKe00
449,Trey Watts,STL,RB,23,14,0.0,0.0,0.0,0.0,0.0,0.0,7.0,30.0,4.29,0.0,4.0,3.0,18.0,6.0,0.0,0.0,0.0,0,,,5.0,7.8,7.8,6.3,,139,,WattTr00
450,Chris Williams,CHI,WR,27,7,0.0,0.0,0.0,0.0,0.0,0.0,1.0,-8.0,-8.0,0.0,,0.0,0.0,,0.0,0.0,0.0,1,,,5.0,5.2,5.2,5.2,,160,,WillCh06
451,Michael Cox,NYG,RB,26,4,0.0,0.0,0.0,0.0,0.0,0.0,4.0,33.0,8.25,0.0,3.0,2.0,9.0,4.5,0.0,0.0,0.0,0,,,4.0,6.2,6.2,5.2,,140,,CoxxMi00
452,Aaron Dobson,NWE,WR,23,4,1.0,0.0,0.0,0.0,0.0,0.0,0.0,0.0,,0.0,5.0,3.0,38.0,12.67,0.0,0.0,0.0,0,,,4.0,6.8,6.8,5.3,,168,,DobsAa00
453,Tyler Eifert,CIN,TE,24,1,1.0,0.0,0.0,0.0,0.0,0.0,0.0,0.0,,0.0,3.0,3.0,37.0,12.33,0.0,0.0,0.0,0,,,4.0,6.7,6.7,5.2,,90,,EifeTy00
454,Michael Hoomanawanui,NWE,TE,26,16,12.0,0.0,0.0,0.0,0.0,0.0,0.0,0.0,,0.0,6.0,3.0,44.0,14.67,0.0,0.0,0.0,0,,,4.0,7.4,7.4,5.9,,86,,HoomMi00
455,Jerrel Jernigan,NYG,WR,25,2,1.0,0.0,0.0,0.0,0.0,0.0,1.0,-2.0,-2.0,0.0,9.0,6.0,40.0,6.67,0.0,0.0,0.0,0,,,4.0,9.8,9.8,6.8,,169,,JernJe00
456,Will Johnson,PIT,RB,25,16,5.0,0.0,0.0,0.0,0.0,0.0,2.0,0.0,0.0,0.0,9.0,6.0,41.0,6.83,0.0,0.0,0.0,0,,,4.0,10.1,10.1,7.1,,141,,JohnWi00
457,Troy Niklas,ARI,TE,22,7,2.0,0.0,0.0,0.0,0.0,0.0,0.0,0.0,,0.0,3.0,3.0,38.0,12.67,0.0,0.0,0.0,0,,,4.0,6.8,6.8,5.3,,89,,NiklTr00
458,Quinton Patton,SFO,WR,24,4,0.0,0.0,0.0,0.0,0.0,0.0,1.0,20.0,20.0,0.0,8.0,3.0,44.0,14.67,0.0,1.0,1.0,0,,,4.0,7.4,8.4,5.9,,167,,PattQu00
459,Ace Sanders,JAX,WR,23,12,0.0,0.0,0.0,0.0,0.0,0.0,0.0,0.0,,0.0,7.0,6.0,55.0,9.17,0.0,2.0,1.0,0,,,4.0,9.5,10.5,6.5,,170,,SandAc00
460,Connor Shaw,CLE,QB,23,1,1.0,14.0,28.0,177.0,0.0,1.0,7.0,9.0,1.29,0.0,0.0,0.0,0.0,,0.0,1.0,1.0,0,,,4.0,4.0,6.0,5.0,,59,,ShawCo00
461,Luke Stocker,TAM,TE,26,13,7.0,0.0,0.0,0.0,0.0,0.0,0.0,0.0,,0.0,11.0,7.0,41.0,5.86,0.0,0.0,0.0,0,,,4.0,11.1,11.1,7.6,,88,,StocLu00
462,Marcus Thigpen,2TM,RB,28,9,0.0,0.0,0.0,0.0,0.0,0.0,0.0,0.0,,0.0,1.0,0.0,0.0,,0.0,2.0,1.0,1,,,4.0,4.0,5.0,4.0,,142,,ThigMa00
463,Fitzgerald Toussaint,BAL,RB,24,4,0.0,0.0,0.0,0.0,0.0,0.0,6.0,12.0,2.0,0.0,6.0,3.0,27.0,9.0,0.0,0.0,0.0,0,,,4.0,6.9,6.9,5.4,,143,,TousFi00
464,Brandon Williams,CAR,TE,27,14,0.0,0.0,0.0,0.0,0.0,0.0,0.0,0.0,,0.0,8.0,4.0,44.0,11.0,0.0,0.0,0.0,0,,,4.0,8.4,8.4,6.4,,87,,WillBr04
465,Tommy Bohanon,NYJ,RB,24,4,2.0,0.0,0.0,0.0,0.0,0.0,1.0,3.0,3.0,0.0,2.0,2.0,30.0,15.0,0.0,0.0,0.0,0,,,3.0,5.3,5.3,4.3,,144,,BohaTo00
466,Ryan Broyles,DET,WR,26,5,0.0,0.0,0.0,0.0,0.0,0.0,0.0,0.0,,0.0,5.0,2.0,25.0,12.5,0.0,0.0,0.0,0,,,3.0,4.5,4.5,3.5,,172,,BroyRy00
467,Mike James,TAM,RB,23,11,0.0,0.0,0.0,0.0,0.0,0.0,19.0,37.0,1.95,0.0,1.0,1.0,-5.0,-5.0,0.0,0.0,0.0,0,,,3.0,4.2,4.2,3.7,,145,,JameMi00
468,DeVier Posey,HOU,WR,24,1,1.0,0.0,0.0,0.0,0.0,0.0,0.0,0.0,,0.0,1.0,1.0,30.0,30.0,0.0,0.0,0.0,0,,,3.0,4.0,4.0,3.5,,171,,PoseDe00
469,Alfonso Smith,SFO,RB,27,6,0.0,0.0,0.0,0.0,0.0,0.0,7.0,19.0,2.71,0.0,4.0,3.0,11.0,3.67,0.0,0.0,0.0,0,,,3.0,6.0,6.0,4.5,,146,,SmitAl22
470,Craig Stevens,TEN,TE,30,5,4.0,0.0,0.0,0.0,0.0,0.0,0.0,0.0,,0.0,2.0,2.0,26.0,13.0,0.0,0.0,0.0,0,,,3.0,4.6,4.6,3.6,,92,,StevCr00
471,Phillip Supernaw,2TM,TE,24,8,1.0,0.0,0.0,0.0,0.0,0.0,0.0,0.0,,0.0,3.0,3.0,30.0,10.0,0.0,0.0,0.0,0,,,3.0,6.0,6.0,4.5,,91,,SupePh00
472,Ray Agnew,CLE,RB,23,12,9.0,0.0,0.0,0.0,0.0,0.0,2.0,2.0,1.0,0.0,9.0,3.0,15.0,5.0,0.0,0.0,0.0,0,,,2.0,4.7,4.7,3.2,,150,,AgneRa00
473,Jarrett Boykin,GNB,WR,25,13,3.0,0.0,0.0,0.0,0.0,0.0,0.0,0.0,,0.0,12.0,3.0,23.0,7.67,0.0,0.0,0.0,0,,,2.0,5.3,5.3,3.8,,173,,BoykJa00
474,Cameron Brate,TAM,TE,23,5,1.0,0.0,0.0,0.0,0.0,0.0,0.0,0.0,,0.0,1.0,1.0,17.0,17.0,0.0,0.0,0.0,0,,,2.0,2.7,2.7,2.2,,97,,BratCa00
475,Kevin Brock,CIN,TE,28,14,2.0,0.0,0.0,0.0,0.0,0.0,0.0,0.0,,0.0,6.0,5.0,21.0,4.2,0.0,0.0,0.0,0,,,2.0,7.1,7.1,4.6,,94,,BrocKe00
476,Shaun Draughn,3TM,RB,27,10,0.0,0.0,0.0,0.0,0.0,0.0,10.0,19.0,1.9,0.0,0.0,0.0,0.0,,0.0,0.0,0.0,0,,,2.0,1.9,1.9,1.9,,149,,DrauSh00
477,Demetrius Harris,KAN,TE,23,8,3.0,0.0,0.0,0.0,0.0,0.0,0.0,0.0,,0.0,5.0,3.0,20.0,6.67,0.0,0.0,0.0,0,,,2.0,5.0,5.0,3.5,,96,,HarrDe03
478,Josh Harris,PIT,RB,23,5,0.0,0.0,0.0,0.0,0.0,0.0,9.0,16.0,1.78,0.0,0.0,0.0,0.0,,0.0,0.0,0.0,0,,,2.0,1.6,1.6,1.6,,151,,HarrJo04
479,Gator Hoskins,MIA,TE,23,11,0.0,0.0,0.0,0.0,0.0,0.0,0.0,0.0,,0.0,4.0,3.0,21.0,7.0,0.0,0.0,0.0,0,,,2.0,5.1,5.1,3.6,,95,,HoskHa00
480,Jeff Janis,GNB,WR,23,3,0.0,0.0,0.0,0.0,0.0,0.0,0.0,0.0,,0.0,2.0,2.0,16.0,8.0,0.0,0.0,0.0,0,,,2.0,3.6,3.6,2.6,,177,,JaniJe00
481,Cody Latimer,DEN,WR,22,8,0.0,0.0,0.0,0.0,0.0,0.0,0.0,0.0,,0.0,4.0,2.0,23.0,11.5,0.0,0.0,0.0,0,,,2.0,4.3,4.3,3.3,,174,,LatiCo00
482,Brian Leonard,NOR,RB,30,1,0.0,0.0,0.0,0.0,0.0,0.0,0.0,0.0,,0.0,1.0,1.0,15.0,15.0,0.0,0.0,0.0,0,,,2.0,2.5,2.5,2.0,,152,,LeonBr00
483,Ryan Nassib,NYG,QB,24,4,0.0,4.0,5.0,60.0,0.0,0.0,2.0,-3.0,-1.5,0.0,0.0,0.0,0.0,,0.0,1.0,0.0,0,,,2.0,2.1,2.1,2.1,,60,,NassRy00
484,Solomon Patton,2TM,WR,24,13,0.0,0.0,0.0,0.0,0.0,0.0,1.0,19.0,19.0,0.0,0.0,0.0,0.0,,0.0,1.0,0.0,0,,,2.0,1.9,1.9,1.9,,175,,PattSo01
485,Solomon Patton,ARI,WR,24,6,,0.0,0.0,0.0,0.0,0.0,0.0,0.0,,0.0,,0.0,0.0,,0.0,0.0,,0,,,2.0,,,,,175,,PattSo01
486,Jay Prosch,HOU,RB,22,16,5.0,0.0,0.0,0.0,0.0,0.0,0.0,0.0,,0.0,4.0,1.0,24.0,24.0,0.0,0.0,0.0,0,,,2.0,3.4,3.4,2.9,,147,,ProsJa00
487,Matt Simms,NYJ,QB,26,1,0.0,3.0,8.0,39.0,0.0,0.0,1.0,2.0,2.0,0.0,0.0,0.0,0.0,,0.0,0.0,0.0,0,,,2.0,1.8,1.8,1.8,,61,,SimmMa00
488,Jeremy Stewart,DEN,RB,25,6,0.0,0.0,0.0,0.0,0.0,0.0,6.0,22.0,3.67,0.0,0.0,0.0,0.0,,0.0,0.0,0.0,0,,,2.0,2.2,2.2,2.2,,148,,StewJe00
489,Devin Street,DAL,WR,23,16,0.0,0.0,0.0,0.0,0.0,0.0,0.0,0.0,,0.0,7.0,2.0,18.0,9.0,0.0,0.0,0.0,0,,,2.0,3.8,3.8,2.8,,176,,StreDe00
490,Taylor Thompson,TEN,TE,25,3,1.0,0.0,0.0,0.0,0.0,0.0,0.0,0.0,,0.0,4.0,2.0,24.0,12.0,0.0,0.0,0.0,0,,,2.0,4.4,4.4,3.4,,93,,ThomTa00
491,Joe Webb,CAR,QB,28,7,0.0,0.0,0.0,0.0,0.0,0.0,0.0,0.0,,0.0,3.0,1.0,16.0,16.0,0.0,0.0,0.0,0,,,2.0,2.6,2.6,2.1,,62,,WebbJo00
492,Antonio Andrews,TEN,RB,22,4,0.0,0.0,0.0,0.0,0.0,0.0,0.0,0.0,,0.0,2.0,2.0,11.0,5.5,0.0,0.0,0.0,0,,,1.0,3.1,3.1,2.1,,154,,AndrAn00
493,David Ausberry,OAK,WR,27,6,0.0,0.0,0.0,0.0,0.0,0.0,0.0,0.0,,0.0,4.0,2.0,14.0,7.0,0.0,0.0,0.0,0,,,1.0,3.4,3.4,2.4,,178,,AusbDa00
494,Trey Burton,PHI,TE,23,15,0.0,0.0,0.0,0.0,0.0,0.0,5.0,10.0,2.0,0.0,0.0,0.0,0.0,,0.0,0.0,0.0,0,,,1.0,1.0,1.0,1.0,,98,,BurtTr01
495,Jason Campbell,CIN,QB,33,4,0.0,11.0,19.0,74.0,0.0,0.0,1.0,1.0,1.0,0.0,0.0,0.0,0.0,,0.0,1.0,1.0,0,,,1.0,1.1,2.1,1.1,,63,,CampJa00
496,Josh Cribbs,IND,WR,31,6,0.0,0.0,0.0,0.0,0.0,0.0,0.0,0.0,,0.0,1.0,1.0,8.0,8.0,0.0,2.0,0.0,0,,,1.0,1.8,1.8,1.3,,184,,CribJo01
497,Darrius Heyward-Bey,PIT,WR,27,16,1.0,0.0,0.0,0.0,0.0,0.0,0.0,0.0,,0.0,5.0,3.0,33.0,11.0,0.0,1.0,1.0,0,,,1.0,4.3,5.3,2.8,,180,,HeywDa00
498,Henry Hynoski,NYG,RB,26,16,4.0,0.0,0.0,0.0,0.0,0.0,7.0,13.0,1.86,0.0,0.0,0.0,0.0,,0.0,0.0,0.0,0,,,1.0,1.3,1.3,1.3,,153,,HynoHe01
499,LaMichael James,2TM,RB,25,3,0.0,0.0,0.0,0.0,0.0,0.0,5.0,9.0,1.8,0.0,1.0,0.0,0.0,,0.0,0.0,0.0,0,,,1.0,0.9,0.9,0.9,,155,,JameLa00
500,Marcel Jensen,JAX,TE,24,1,0.0,0.0,0.0,0.0,0.0,0.0,0.0,0.0,,0.0,1.0,1.0,8.0,8.0,0.0,0.0,0.0,0,,,1.0,1.8,1.8,1.3,,100,,JensMa01
501,Tavarres King,TAM,WR,24,2,0.0,0.0,0.0,0.0,0.0,0.0,0.0,0.0,,0.0,3.0,2.0,13.0,6.5,0.0,0.0,0.0,0,,,1.0,3.3,3.3,2.3,,181,,KingTa00
502,Vance McDonald,SFO,TE,24,8,4.0,0.0,0.0,0.0,0.0,0.0,0.0,0.0,,0.0,8.0,2.0,30.0,15.0,0.0,1.0,1.0,0,,,1.0,3.0,4.0,2.0,,99,,McDoVa00
503,Matt Moore,MIA,QB,30,2,0.0,2.0,4.0,21.0,0.0,0.0,2.0,-2.0,-1.0,0.0,0.0,0.0,0.0,,0.0,0.0,0.0,0,,,1.0,0.6,0.6,0.6,,64,,MoorMa01
504,Aldrick Robinson,WAS,WR,26,5,0.0,0.0,0.0,0.0,0.0,0.0,0.0,0.0,,0.0,,1.0,6.0,6.0,0.0,0.0,0.0,0,,,1.0,1.6,1.6,1.1,,186,,RobiAl00
505,Courtney Roby,ATL,WR,31,4,0.0,0.0,0.0,0.0,0.0,0.0,0.0,0.0,,0.0,2.0,1.0,11.0,11.0,0.0,0.0,0.0,0,,,1.0,2.1,2.1,1.6,,182,,RobyCo00
506,Brad Smith,PHI,WR,31,13,0.0,0.0,0.0,0.0,0.0,0.0,0.0,0.0,,0.0,3.0,1.0,11.0,11.0,0.0,0.0,0.0,0,,,1.0,2.1,2.1,1.6,,183,,SmitBr01
507,Micheal Spurlock,CHI,WR,31,1,0.0,0.0,0.0,0.0,0.0,0.0,0.0,0.0,,0.0,3.0,1.0,8.0,8.0,0.0,0.0,0.0,0,,,1.0,1.8,1.8,1.3,,185,,SpurMi00
508,Will Tukuafu,SEA,FB,30,9,2.0,0.0,0.0,0.0,0.0,0.0,1.0,2.0,2.0,0.0,2.0,1.0,4.0,4.0,0.0,0.0,0.0,0,,,1.0,1.6,1.6,1.1,,156,,TukuWi00
509,Damian Williams,2TM,WR,26,3,0.0,0.0,0.0,0.0,0.0,0.0,0.0,0.0,,0.0,1.0,1.0,14.0,14.0,0.0,0.0,0.0,0,,,1.0,2.4,2.4,1.9,,179,,WillDa04
510,T.J. Yates,ATL,QB,27,1,0.0,3.0,4.0,64.0,0.0,1.0,0.0,0.0,,0.0,0.0,0.0,0.0,,0.0,0.0,0.0,0,,,1.0,0.6,1.6,1.6,,65,,YateT.00
511,Rashaun Allen,SEA,TE,25,1,0.0,0.0,0.0,0.0,0.0,0.0,0.0,0.0,,0.0,,0.0,0.0,,0.0,,,0,,,,,,,,102,,AlleRa00
512,Blake Annen,CHI,TE,23,5,0.0,0.0,0.0,0.0,0.0,0.0,0.0,0.0,,0.0,,0.0,0.0,,0.0,,,0,,,,,,,,103,,AnneBl01
513,George Atkinson,OAK,RB,22,5,0.0,0.0,0.0,0.0,0.0,0.0,0.0,0.0,,0.0,0.0,0.0,0.0,,0.0,0.0,0.0,0,,,,,,,,159,,AtkiGe01
514,Edwin Baker,NOR,RB,23,3,0.0,0.0,0.0,0.0,0.0,0.0,1.0,2.0,2.0,0.0,0.0,0.0,0.0,,0.0,0.0,0.0,0,,,,0.2,0.2,0.2,,157,,BakeEd01
515,Matt Barkley,PHI,QB,24,1,0.0,0.0,1.0,0.0,0.0,0.0,3.0,0.0,0.0,0.0,0.0,0.0,0.0,,0.0,0.0,0.0,0,,,,,,,,71,,BarkMa00
516,Phil Bates,SEA,WR,25,1,0.0,0.0,0.0,0.0,0.0,0.0,0.0,0.0,,0.0,,0.0,0.0,,0.0,,,0,,,,,,,,189,,BatePh00
517,Alex Bayer,STL,TE,24,6,0.0,0.0,0.0,0.0,0.0,0.0,0.0,0.0,,0.0,,0.0,0.0,,0.0,0.0,0.0,0,,,,,,,,104,,BayeAl00
518,Josh Bellamy,CHI,WR,25,4,0.0,0.0,0.0,0.0,0.0,0.0,0.0,0.0,,0.0,1.0,0.0,0.0,,0.0,,0.0,0,,,,,,,,190,,BellJo02
519,Josh Boyce,NWE,WR,23,1,0.0,0.0,0.0,0.0,0.0,0.0,0.0,0.0,,0.0,,0.0,0.0,,0.0,,,0,,,,,,,,191,,BoycJo00
520,Brett Brackett,2TM,TE,27,8,4.0,0.0,0.0,0.0,0.0,0.0,0.0,0.0,,0.0,,0.0,0.0,,0.0,,0.0,0,,,,,,,,105,,BracBr00
521,Allen Bradford,SEA,RB,26,1,0.0,0.0,0.0,0.0,0.0,0.0,0.0,0.0,,0.0,,0.0,0.0,,0.0,,,0,,,,,,,,160,,BradAl00
522,Richie Brockel,CAR,TE,28,4,0.0,0.0,0.0,0.0,0.0,0.0,0.0,0.0,,0.0,,0.0,0.0,,0.0,,0.0,0,,,,,,,,106,,BrocRi00
523,LaRon Byrd,CLE,WR,25,1,0.0,0.0,0.0,0.0,0.0,0.0,0.0,0.0,,0.0,,0.0,0.0,,0.0,,,0,,,,,,,,192,,ByrdLa00
524,Chris Clark,DEN,TE,29,13,7.0,0.0,0.0,0.0,0.0,0.0,0.0,0.0,,0.0,0.0,0.0,0.0,,0.0,,,0,,,,,,,,107,,ClarCh21
525,Kellen Clemens,SDG,QB,31,2,0.0,1.0,3.0,10.0,0.0,0.0,0.0,0.0,,0.0,0.0,0.0,0.0,,0.0,0.0,0.0,0,,,,0.4,0.4,0.4,,67,,ClemKe00
526,Asante Cleveland,SFO,TE,22,6,0.0,0.0,0.0,0.0,0.0,0.0,0.0,0.0,,0.0,1.0,0.0,0.0,,0.0,,0.0,0,,,,,,,,108,,ClevAs00
527,Tyler Clutts,DAL,RB,30,16,1.0,0.0,0.0,0.0,0.0,0.0,0.0,0.0,,0.0,1.0,1.0,1.0,1.0,0.0,0.0,0.0,0,,,,1.1,1.1,0.6,,158,,ClutTy00
528,Drew Davis,ATL,WR,25,6,0.0,0.0,0.0,0.0,0.0,0.0,0.0,0.0,,0.0,,0.0,0.0,,0.0,,0.0,0,,,,,,,,193,,DaviDr00
529,Kellen Davis,DET,TE,29,6,0.0,0.0,0.0,0.0,0.0,0.0,0.0,0.0,,0.0,3.0,0.0,0.0,,0.0,,0.0,0,,,,,,,,109,,DaviKe01
530,Anthony Denham,HOU,TE,23,4,0.0,0.0,0.0,0.0,0.0,0.0,0.0,0.0,,0.0,0.0,0.0,0.0,,0.0,,0.0,0,,,,,,,,110,,DenhAn00
531,Kevin Dorsey,GNB,WR,24,3,0.0,0.0,0.0,0.0,0.0,0.0,0.0,0.0,,0.0,2.0,1.0,4.0,4.0,0.0,0.0,0.0,0,,,,1.4,1.4,0.9,,187,,DorsKe01
532,Marcus Easley,BUF,WR,27,10,0.0,0.0,0.0,0.0,0.0,0.0,0.0,0.0,,0.0,,0.0,0.0,,0.0,0.0,0.0,0,,,,,,,,194,,EaslMa00
533,Quincy Enunwa,NYJ,WR,22,1,0.0,0.0,0.0,0.0,0.0,0.0,0.0,0.0,,0.0,,0.0,0.0,,0.0,,,0,,,,,,,,195,,EnunQu00
534,Tony Fiammetta,CHI,FB,28,1,0.0,0.0,0.0,0.0,0.0,0.0,0.0,0.0,,0.0,,0.0,0.0,,0.0,,,0,,,,,,,,161,,FiamTo00
535,Richard Gordon,2TM,TE,27,5,3.0,0.0,0.0,0.0,0.0,0.0,0.0,0.0,,0.0,1.0,0.0,0.0,,0.0,,0.0,0,,,,,,,,111,,GordRi00
536,Bruce Gradkowski,PIT,QB,31,1,0.0,0.0,0.0,0.0,0.0,0.0,2.0,-2.0,-1.0,0.0,0.0,0.0,0.0,,0.0,0.0,0.0,0,,,,-0.2,-0.2,-0.2,,73,,GradBr00
537,Leonard Hankerson,WAS,WR,25,1,0.0,0.0,0.0,0.0,0.0,0.0,0.0,0.0,,0.0,1.0,0.0,0.0,,0.0,,0.0,0,,,,,,,,196,,HankLe00
538,Trindon Holliday,2TM,WR,28,2,0.0,0.0,0.0,0.0,0.0,0.0,0.0,0.0,,0.0,,0.0,0.0,,0.0,1.0,0.0,0,,,,,,,,197,,HollTr00
539,Tarvaris Jackson,SEA,QB,31,1,0.0,1.0,1.0,0.0,0.0,0.0,0.0,0.0,,0.0,0.0,0.0,0.0,,0.0,0.0,0.0,0,,,,,,,,70,,JackTa00
540,David Johnson,SDG,TE,27,14,2.0,0.0,0.0,0.0,0.0,0.0,0.0,0.0,,0.0,,1.0,4.0,4.0,0.0,0.0,0.0,0,,,,1.4,1.4,0.9,,101,,JohnDa05
541,Dominique Jones,DEN,TE,27,1,0.0,0.0,0.0,0.0,0.0,0.0,0.0,0.0,,0.0,,0.0,0.0,,0.0,,,0,,,,,,,,112,,JoneDo01
542,Taiwan Jones,OAK,RB,26,1,0.0,0.0,0.0,0.0,0.0,0.0,0.0,0.0,,0.0,,0.0,0.0,,0.0,,,0,,,,,,,,162,,JoneTa00
543,Zach Line,MIN,RB,24,1,0.0,0.0,0.0,0.0,0.0,0.0,0.0,0.0,,0.0,,0.0,0.0,,0.0,,,0,,,,,,,,163,,LineZa01
544,Elbert Mack,HOU,WR,28,8,0.0,0.0,0.0,0.0,0.0,0.0,0.0,0.0,,0.0,0.0,0.0,0.0,,0.0,,0.0,0,,,,,,,,198,,MackEl20
545,Marc Mariani,CHI,WR,27,6,0.0,0.0,0.0,0.0,0.0,0.0,0.0,0.0,,0.0,,0.0,0.0,,0.0,0.0,0.0,0,,,,,,,,199,,MariMa00
546,Freddie Martino,ATL,WR,23,1,0.0,0.0,0.0,0.0,0.0,0.0,0.0,0.0,,0.0,1.0,0.0,0.0,,0.0,,0.0,0,,,,,,,,200,,MartFr00
547,Chris Matthews,SEA,WR,25,3,0.0,0.0,0.0,0.0,0.0,0.0,0.0,0.0,,0.0,,0.0,0.0,,0.0,,0.0,0,,,,,,,,201,,MattCh00
548,Onterio McCalebb,CIN,RB,25,1,0.0,0.0,0.0,0.0,0.0,0.0,0.0,0.0,,0.0,,0.0,0.0,,0.0,,,0,,,,,,,,164,,McCaOn00
549,Luke McCown,NOR,QB,33,16,0.0,0.0,0.0,0.0,0.0,0.0,0.0,0.0,,0.0,,0.0,0.0,,0.0,,,0,,,,,,,,69,,McCoLu00
550,Keavon Milton,SEA,TE,24,1,0.0,0.0,0.0,0.0,0.0,0.0,0.0,0.0,,0.0,,0.0,0.0,,0.0,,,0,,,,,,,,113,,MiltKe00
551,Marlon Moore,CLE,WR,27,13,0.0,0.0,0.0,0.0,0.0,0.0,0.0,0.0,,0.0,0.0,0.0,0.0,,0.0,0.0,0.0,0,,,,,,,,202,,MoorMa02
552,Matthew Mulligan,2TM,TE,29,4,2.0,0.0,0.0,0.0,0.0,0.0,0.0,0.0,,0.0,0.0,0.0,0.0,,0.0,,,0,,,,,,,,114,,MullMa00
553,Kassim Osgood,SFO,WR,34,13,0.0,0.0,0.0,0.0,0.0,0.0,0.0,0.0,,0.0,1.0,0.0,0.0,,0.0,0.0,0.0,0,,,,,,,,203,,OsgoKa00
554,Montell Owens,2TM,RB,30,6,0.0,0.0,0.0,0.0,0.0,0.0,0.0,0.0,,0.0,,0.0,0.0,,0.0,,0.0,0,,,,,,,,165,,OwenMo01
555,Jordan Palmer,TEN,QB,30,1,0.0,1.0,3.0,7.0,0.0,0.0,1.0,-1.0,-1.0,0.0,0.0,0.0,0.0,,0.0,0.0,0.0,0,,,,0.2,0.2,0.2,,68,,PalmJo20
556,Chris Pantale,NYJ,TE,24,5,0.0,0.0,0.0,0.0,0.0,0.0,0.0,0.0,,0.0,,0.0,0.0,,0.0,0.0,0.0,0,,,,,,,,115,,PantCh00
557,Jalen Parmele,ARI,RB,29,1,0.0,0.0,0.0,0.0,0.0,0.0,1.0,0.0,0.0,0.0,0.0,0.0,0.0,,0.0,0.0,0.0,0,,,,,,,,166,,ParmJa00
558,Justin Perillo,GNB,TE,23,2,0.0,0.0,0.0,0.0,0.0,0.0,0.0,0.0,,0.0,,0.0,0.0,,0.0,,,0,,,,,,,,116,,PeriJu00
559,Senorise Perry,CHI,RB,23,16,0.0,0.0,0.0,0.0,0.0,0.0,0.0,0.0,,0.0,1.0,1.0,-1.0,-1.0,0.0,0.0,0.0,0,,,,0.9,0.9,0.4,,173,,PerrSe00
560,De'Andre Presley,CAR,QB,24,4,0.0,0.0,0.0,0.0,0.0,0.0,1.0,-2.0,-2.0,0.0,1.0,0.0,0.0,,0.0,0.0,0.0,0,,,,-0.2,-0.2,-0.2,,72,,PresDe00
561,Riley Reiff,DET,TE,26,15,15.0,0.0,0.0,0.0,0.0,0.0,0.0,0.0,,0.0,,0.0,0.0,,0.0,,,0,,,,,,,,117,,ReifRi00
562,Chase Reynolds,STL,RB,27,15,0.0,0.0,0.0,0.0,0.0,0.0,0.0,0.0,,0.0,,0.0,0.0,,0.0,0.0,0.0,0,,,,,,,,167,,ReynCh00
563,Rico Richardson,TEN,WR,23,1,0.0,0.0,0.0,0.0,0.0,0.0,0.0,0.0,,0.0,,0.0,0.0,,0.0,,,0,,,,,,,,204,,RichRi00
564,Gerell Robinson,2TM,WR,25,3,0.0,0.0,0.0,0.0,0.0,0.0,0.0,0.0,,0.0,1.0,0.0,0.0,,0.0,,0.0,0,,,,,,,,205,,RobiGe00
565,Evan Rodriguez,TAM,TE,26,1,0.0,0.0,0.0,0.0,0.0,0.0,0.0,0.0,,0.0,,0.0,0.0,,0.0,,,0,,,,,,,,118,,RodrEv00
566,Rashad Ross,2TM,WR,24,4,0.0,0.0,0.0,0.0,0.0,0.0,0.0,0.0,,0.0,,0.0,0.0,,0.0,0.0,0.0,0,,,,,,,,206,,RossRa00
567,Rashad Ross,WAS,WR,24,2,,0.0,0.0,0.0,0.0,0.0,0.0,0.0,,0.0,,0.0,0.0,,0.0,0.0,,0,,,,,,,,206,,RossRa00
568,Weslye Saunders,IND,TE,25,1,0.0,0.0,0.0,0.0,0.0,0.0,0.0,0.0,,0.0,,0.0,0.0,,0.0,,,0,,,,,,,,119,,SaunWe00
569,Tom Savage,HOU,QB,24,2,0.0,10.0,19.0,127.0,0.0,1.0,6.0,-6.0,-1.0,0.0,0.0,0.0,0.0,,0.0,2.0,1.0,0,,,,0.5,2.5,1.5,,66,,SavaTo00
570,Mickey Shuler,JAX,TE,28,3,1.0,0.0,0.0,0.0,0.0,0.0,0.0,0.0,,0.0,3.0,0.0,0.0,,0.0,,0.0,0,,,,,,,,120,,ShulMi01
571,Scott Simonson,OAK,TE,22,4,0.0,0.0,0.0,0.0,0.0,0.0,0.0,0.0,,0.0,,0.0,0.0,,0.0,,0.0,0,,,,,,,,121,,SimoSc00
572,Matthew Slater,NWE,WR,29,16,0.0,0.0,0.0,0.0,0.0,0.0,0.0,0.0,,0.0,,0.0,0.0,,0.0,0.0,0.0,0,,,,,,,,207,,SlatMa00
573,Kiero Small,CLE,RB,25,3,3.0,0.0,0.0,0.0,0.0,0.0,0.0,0.0,,0.0,,0.0,0.0,,0.0,,,0,,,,,,,,168,,SmalKi00
574,Alex Smith,CIN,TE,32,2,0.0,0.0,0.0,0.0,0.0,0.0,0.0,0.0,,0.0,,0.0,0.0,,0.0,,,0,,,,,,,,122,,SmitAl02
575,Jerome Smith,ATL,RB,23,1,0.0,0.0,0.0,0.0,0.0,0.0,0.0,0.0,,0.0,,0.0,0.0,,0.0,,,0,,,,,,,,169,,SmitJe02
576,Rodney Smith,2TM,WR,24,4,0.0,0.0,0.0,0.0,0.0,0.0,0.0,0.0,,0.0,1.0,0.0,0.0,,0.0,,0.0,0,,,,,,,,208,,SmitRo05
577,Tommy Streeter,JAX,WR,25,2,0.0,0.0,0.0,0.0,0.0,0.0,0.0,0.0,,0.0,1.0,0.0,0.0,,0.0,,0.0,0,,,,,,,,209,,StreTo00
578,Julian Talley,NYG,WR,25,2,0.0,0.0,0.0,0.0,0.0,0.0,0.0,0.0,,0.0,,0.0,0.0,,0.0,,,0,,,,,,,,210,,TallJu00
579,Phillip Tanner,SFO,RB,26,2,0.0,0.0,0.0,0.0,0.0,0.0,0.0,0.0,,0.0,0.0,0.0,0.0,,0.0,,,0,,,,,,,,170,,TannPh00
580,Ryan Taylor,2TM,TE,27,13,0.0,0.0,0.0,0.0,0.0,0.0,0.0,0.0,,0.0,0.0,0.0,0.0,,0.0,,0.0,0,,,,,,,,123,,TaylRy00
581,Tyrod Taylor,BAL,QB,25,1,0.0,0.0,0.0,0.0,0.0,0.0,4.0,-3.0,-0.75,0.0,0.0,0.0,0.0,,0.0,0.0,0.0,0,,,,-0.3,-0.3,-0.3,,74,,TaylTy00
582,Deonte Thompson,BUF,WR,25,1,0.0,0.0,0.0,0.0,0.0,0.0,0.0,0.0,,0.0,,0.0,0.0,,0.0,,,0,,,,,,,,211,,ThomDe04
583,Jordan Thompson,DET,TE,25,2,0.0,0.0,0.0,0.0,0.0,0.0,0.0,0.0,,0.0,1.0,0.0,0.0,,0.0,,0.0,0,,,,,,,,124,,ThomJo03
584,Charcandrick West,KAN,RB,23,6,0.0,0.0,0.0,0.0,0.0,0.0,0.0,0.0,,0.0,1.0,0.0,0.0,,0.0,,0.0,0,,,,,,,,171,,WestCh01
585,Griff Whalen,IND,WR,24,10,0.0,0.0,0.0,0.0,0.0,0.0,0.0,0.0,,0.0,3.0,2.0,23.0,11.5,0.0,2.0,1.0,0,,,,2.3,3.3,1.3,,188,,WhalGr00
586,Glenn Winston,CLE,RB,25,5,0.0,0.0,0.0,0.0,0.0,0.0,0.0,0.0,,0.0,0.0,0.0,0.0,,0.0,,,0,,,,,,,,172,,WinsGl00
587,Jalen Saunders,4TM,WR,22,15,0.0,0.0,0.0,0.0,0.0,0.0,0.0,0.0,,0.0,1.0,1.0,7.0,7.0,0.0,2.0,1.0,0,,,-1.0,-0.3,0.7,-0.8,,212,,SaunJa00
588,Jalen Saunders,ARI,WR,22,3,,0.0,0.0,0.0,0.0,0.0,0.0,0.0,,0.0,,0.0,0.0,,0.0,0.0,,0,,,-1.0,,,,,212,,SaunJa00
589,Jalen Saunders,SEA,WR,22,3,,0.0,0.0,0.0,0.0,0.0,0.0,0.0,,0.0,,0.0,0.0,,0.0,0.0,,0,,,-1.0,,,,,212,,SaunJa00
590,Isaiah Burse,DEN,WR,23,12,0.0,0.0,0.0,0.0,0.0,0.0,0.0,0.0,,0.0,1.0,0.0,0.0,,0.0,3.0,1.0,0,,,-2.0,-2.0,-1.0,-2.0,,213,,BursIs01
591,Matt Flynn,GNB,QB,29,7,0.0,8.0,16.0,66.0,0.0,1.0,10.0,-10.0,-1.0,0.0,0.0,0.0,0.0,,0.0,1.0,1.0,0,,,-2.0,-2.4,-0.4,-1.4,,75,,FlynMa00
592,Tauren Poole,3TM,RB,25,3,0.0,0.0,0.0,0.0,0.0,0.0,1.0,0.0,0.0,0.0,0.0,0.0,0.0,,0.0,1.0,1.0,0,,,-2.0,-2.0,-1.0,-2.0,,174,,PoolTa00
593,Tauren Poole,NOR,RB,25,1,,0.0,0.0,0.0,0.0,0.0,0.0,0.0,,0.0,,0.0,0.0,,0.0,0.0,,0,,,-2.0,,,,,174,,PoolTa00
594,Tauren Poole,BAL,RB,25,1,,0.0,0.0,0.0,0.0,0.0,0.0,0.0,,0.0,,0.0,0.0,,0.0,0.0,,0,,,-2.0,,,,,174,,PoolTa00
595,Walt Powell,NYJ,WR,23,4,0.0,0.0,0.0,0.0,0.0,0.0,0.0,0.0,,0.0,0.0,0.0,0.0,,0.0,1.0,1.0,0,,,-2.0,-2.0,-1.0,-2.0,,214,,PoweWa00
596,Matt Schaub,OAK,QB,33,11,0.0,5.0,10.0,57.0,0.0,2.0,0.0,0.0,,0.0,0.0,0.0,0.0,,0.0,3.0,1.0,0,,,-4.0,-3.7,-0.7,-1.7,,76,,SchaMa00
